Year,Country,Count,Color
48,US,1760,#F5E87F
48,EU,4,#202A33
48,EU,55,#202A33
48,EU,76,#202A33
48,EU,12,#202A33
48,EU,51,#202A33
48,EU,18,#202A33
48,CH,4,#CCCCCC
48,NO,6,#CCCCCC
48,Asia,19,#CCCCCC
48,Asia,166,#CCCCCC
48,MX,2,#CCCCCC
48,AU,12,#CCCCCC
48,EU,69,#202A33
48,EU,4,#202A33
48,AN,1,#CCCCCC
48,TI,1,#CCCCCC
48,CA,12,#CCCCCC
48,EU,64,#202A33
48,NZ,3,#CCCCCC
48,Asia,41,#CCCCCC
48,Asia,8,#CCCCCC
48,EU,3,#202A33
48,EU,18,#202A33
48,EU,3,#202A33
48,CN,8,#C2648E
48,Asia,1,#CCCCCC
48,EU,2,#202A33
48,Asia,2,#CCCCCC
47,US,769,#F5E87F
47,Asia,150,#CCCCCC
47,Asia,2,#CCCCCC
47,EU,49,#202A33
47,EU,70,#202A33
47,EU,15,#202A33
47,NO,2,#CCCCCC
47,AU,144,#CCCCCC
47,MX,2,#CCCCCC
47,EU,46,#202A33
47,Asia,29,#CCCCCC
47,EU,47,#202A33
47,EU,7,#202A33
47,EU,7,#202A33
47,EU,50,#202A33
47,Asia,15,#CCCCCC
47,EU,1,#202A33
47,CA,5,#CCCCCC
47,CX,1,#CCCCCC
47,EU,14,#202A33
47,Asia,2,#CCCCCC
47,NZ,7,#CCCCCC
47,CH,1,#CCCCCC
47,EU,1,#202A33
47,EU,3,#202A33
47,EU,4,#202A33
47,CN,5,#C2648E
47,Asia,8,#CCCCCC
47,BR,2,#CCCCCC
47,EU,1,#202A33
47,NA,1,#CCCCCC
50,EU,66,#202A33
50,US,1435,#F5E87F
50,Asia,158,#CCCCCC
50,EU,29,#202A33
50,BR,3,#CCCCCC
50,EU,15,#202A33
50,EU,67,#202A33
50,NO,9,#CCCCCC
50,Asia,20,#CCCCCC
50,MX,1,#CCCCCC
50,EU,42,#202A33
50,AU,10,#CCCCCC
50,EU,59,#202A33
50,EU,5,#202A33
50,Asia,31,#CCCCCC
50,EU,61,#202A33
50,EU,7,#202A33
50,CA,8,#CCCCCC
50,EU,8,#202A33
50,EU,21,#202A33
50,EU,2,#202A33
50,NZ,3,#CCCCCC
50,CN,3,#C2648E
50,CH,5,#CCCCCC
50,EU,2,#202A33
50,Asia,3,#CCCCCC
50,Asia,9,#CCCCCC
50,Asia,1,#CCCCCC
50,EU,1,#202A33
50,EU,1,#202A33
49,EU,63,#202A33
49,US,2170,#F5E87F
49,EU,92,#202A33
49,EU,6,#202A33
49,EU,88,#202A33
49,Asia,60,#CCCCCC
49,EU,36,#202A33
49,EU,21,#202A33
49,EU,83,#202A33
49,NO,15,#CCCCCC
49,EU,10,#202A33
49,AU,20,#CCCCCC
49,Asia,35,#CCCCCC
49,Asia,183,#CCCCCC
49,EU,77,#202A33
49,EU,3,#202A33
49,EU,24,#202A33
49,CH,9,#CCCCCC
49,CA,10,#CCCCCC
49,NZ,9,#CCCCCC
49,Asia,1,#CCCCCC
49,Asia,4,#CCCCCC
49,Asia,2,#CCCCCC
49,EU,1,#202A33
49,EU,7,#202A33
49,AR,1,#CCCCCC
49,EU,1,#202A33
49,BR,2,#CCCCCC
49,Asia,1,#CCCCCC
49,Asia,2,#CCCCCC
49,Asia,6,#CCCCCC
49,CN,5,#C2648E
49,TO,1,#CCCCCC
51,EU,320,#202A33
51,US,1146,#F5E87F
51,EU,149,#202A33
51,CH,8,#CCCCCC
51,EU,2,#202A33
51,Asia,90,#CCCCCC
51,Asia,190,#CCCCCC
51,EU,25,#202A33
51,EU,25,#202A33
51,EU,16,#202A33
51,EU,78,#202A33
51,NO,23,#CCCCCC
51,Asia,18,#CCCCCC
51,EU,10,#202A33
51,MX,2,#CCCCCC
51,AU,19,#CCCCCC
51,EU,31,#202A33
51,EU,127,#202A33
51,CA,22,#CCCCCC
51,Asia,4,#CCCCCC
51,EU,2,#202A33
51,NZ,3,#CCCCCC
51,HP,1,#CCCCCC
51,EU,3,#202A33
51,CN,8,#C2648E
51,EU,1,#202A33
51,EU,7,#202A33
51,EU,2,#202A33
51,BR,5,#CCCCCC
51,Asia,9,#CCCCCC
51,CI,1,#CCCCCC
51,Asia,1,#CCCCCC
51,KE,1,#CCCCCC
51,CF,1,#CCCCCC
51,Asia,2,#CCCCCC
51,ZW,1,#CCCCCC
51,GH,1,#CCCCCC
51,TO,1,#CCCCCC
51,Asia,4,#CCCCCC
51,ZA,1,#CCCCCC
51,EU,1,#202A33
52,US,1235,#F5E87F
52,EU,7,#202A33
52,EU,22,#202A33
52,MX,3,#CCCCCC
52,Asia,107,#CCCCCC
52,EU,83,#202A33
52,EU,13,#202A33
52,NO,7,#CCCCCC
52,EU,36,#202A33
52,Asia,18,#CCCCCC
52,EU,75,#202A33
52,EU,62,#202A33
52,Asia,1,#CCCCCC
52,CA,26,#CCCCCC
52,NZ,2,#CCCCCC
52,Asia,70,#CCCCCC
52,EU,13,#202A33
52,Asia,7,#CCCCCC
52,Asia,7,#CCCCCC
52,CN,15,#C2648E
52,Asia,1,#CCCCCC
52,EU,1,#202A33
52,EU,2,#202A33
52,BR,3,#CCCCCC
52,CH,2,#CCCCCC
52,AU,6,#CCCCCC
52,EU,4,#202A33
52,EU,3,#202A33
52,AI,1,#CCCCCC
52,EU,1,#202A33
52,Asia,1,#CCCCCC
52,NA,1,#CCCCCC
55,US,982,#F5E87F
55,EU,24,#202A33
55,CA,29,#CCCCCC
55,Asia,164,#CCCCCC
55,EU,3,#202A33
55,EU,70,#202A33
55,CH,5,#CCCCCC
55,EU,34,#202A33
55,Asia,13,#CCCCCC
55,EU,2,#202A33
55,EU,16,#202A33
55,CN,5,#C2648E
55,NZ,1,#CCCCCC
55,EU,9,#202A33
55,EU,7,#202A33
55,EU,32,#202A33
55,NO,8,#CCCCCC
55,EU,2,#202A33
55,EU,71,#202A33
55,Asia,108,#CCCCCC
55,Asia,4,#CCCCCC
55,BR,4,#CCCCCC
55,AU,8,#CCCCCC
55,CF,3,#CCCCCC
55,TN,1,#CCCCCC
55,Asia,1,#CCCCCC
55,Asia,5,#CCCCCC
55,MX,1,#CCCCCC
55,EU,1,#202A33
55,PA,1,#CCCCCC
55,Asia,4,#CCCCCC
55,GM,1,#CCCCCC
55,EU,2,#202A33
55,Asia,1,#CCCCCC
56,NO,9,#CCCCCC
56,US,1104,#F5E87F
56,EU,71,#202A33
56,EU,7,#202A33
56,CA,25,#CCCCCC
56,Asia,66,#CCCCCC
56,EU,17,#202A33
56,EU,24,#202A33
56,EU,10,#202A33
56,Asia,1,#CCCCCC
56,MX,2,#CCCCCC
56,Asia,153,#CCCCCC
56,CN,3,#C2648E
56,EU,41,#202A33
56,EU,12,#202A33
56,Asia,7,#CCCCCC
56,EU,61,#202A33
56,NA,10,#CCCCCC
56,EU,3,#202A33
56,Asia,3,#CCCCCC
56,EU,2,#202A33
56,AU,10,#CCCCCC
56,EU,8,#202A33
56,CH,4,#CCCCCC
56,Asia,7,#CCCCCC
56,EU,2,#202A33
56,NG,2,#CCCCCC
56,Asia,3,#CCCCCC
56,EU,1,#202A33
56,BR,8,#CCCCCC
56,Asia,3,#CCCCCC
56,GH,2,#CCCCCC
56,AD,1,#CCCCCC
56,NZ,2,#CCCCCC
56,EU,1,#202A33
56,GM,1,#CCCCCC
56,CM,1,#CCCCCC
56,TN,1,#CCCCCC
56,Asia,1,#CCCCCC
53,AU,9,#CCCCCC
53,EU,66,#202A33
53,US,1070,#F5E87F
53,Asia,18,#CCCCCC
53,EU,6,#202A33
53,CA,27,#CCCCCC
53,Asia,172,#CCCCCC
53,EU,24,#202A33
53,EU,6,#202A33
53,NO,10,#CCCCCC
53,EU,44,#202A33
53,MX,3,#CCCCCC
53,EU,15,#202A33
53,CM,1,#CCCCCC
53,CN,8,#C2648E
53,Asia,45,#CCCCCC
53,EU,58,#202A33
53,EU,71,#202A33
53,GN,4,#CCCCCC
53,NA,1,#CCCCCC
53,NZ,2,#CCCCCC
53,Asia,4,#CCCCCC
53,EU,8,#202A33
53,Asia,6,#CCCCCC
53,EU,9,#202A33
53,EU,2,#202A33
53,CH,3,#CCCCCC
53,BR,3,#CCCCCC
53,EU,2,#202A33
53,Asia,4,#CCCCCC
53,GM,1,#CCCCCC
54,NO,9,#CCCCCC
54,Asia,1,#CCCCCC
54,Asia,831,#CCCCCC
54,US,595,#F5E87F
54,EU,86,#202A33
54,Asia,154,#CCCCCC
54,EU,13,#202A33
54,EU,9,#202A33
54,EU,34,#202A33
54,EU,20,#202A33
54,CN,17,#C2648E
54,Asia,4,#CCCCCC
54,EU,63,#202A33
54,EU,40,#202A33
54,CA,14,#CCCCCC
54,EU,4,#202A33
54,Asia,12,#CCCCCC
54,Asia,7,#CCCCCC
54,EU,10,#202A33
54,Asia,15,#CCCCCC
54,MX,2,#CCCCCC
54,EU,6,#202A33
54,CH,2,#CCCCCC
54,AU,13,#CCCCCC
54,EU,1,#202A33
54,Asia,1,#CCCCCC
54,UG,2,#CCCCCC
54,KE,1,#CCCCCC
54,AG,1,#CCCCCC
54,BR,3,#CCCCCC
54,NZ,1,#CCCCCC
54,Asia,1,#CCCCCC
54,NG,1,#CCCCCC
54,MD,1,#CCCCCC
54,EU,1,#202A33
54,AB,1,#CCCCCC
54,CF,2,#CCCCCC
54,RU,1,#CCCCCC
54,PO,1,#CCCCCC
54,Asia,1,#CCCCCC
54,KY,1,#CCCCCC
57,NO,9,#CCCCCC
57,US,638,#F5E87F
57,EU,67,#202A33
57,EU,7,#202A33
57,EU,5,#202A33
57,Asia,127,#CCCCCC
57,Asia,93,#CCCCCC
57,EU,26,#202A33
57,EU,112,#202A33
57,UY,4,#CCCCCC
57,EU,15,#202A33
57,MX,2,#CCCCCC
57,EU,46,#202A33
57,EU,3,#202A33
57,NA,6,#CCCCCC
57,AU,8,#CCCCCC
57,DZ,1,#CCCCCC
57,Asia,4,#CCCCCC
57,CA,16,#CCCCCC
57,EU,14,#202A33
57,CH,5,#CCCCCC
57,EU,39,#202A33
57,PA,1,#CCCCCC
57,EU,10,#202A33
57,ZA,4,#CCCCCC
57,LS,1,#CCCCCC
57,EU,4,#202A33
57,EU,26,#202A33
57,EU,1,#202A33
57,Asia,3,#CCCCCC
57,CM,1,#CCCCCC
57,CN,8,#C2648E
57,KE,3,#CCCCCC
57,Asia,1,#CCCCCC
57,Asia,4,#CCCCCC
57,Asia,7,#CCCCCC
57,BJ,2,#CCCCCC
57,BR,2,#CCCCCC
57,UG,1,#CCCCCC
57,GH,2,#CCCCCC
57,Asia,1,#CCCCCC
57,NZ,1,#CCCCCC
57,Asia,1,#CCCCCC
57,CD,1,#CCCCCC
57,Asia,5,#CCCCCC
57,EU,1,#202A33
57,RW,1,#CCCCCC
58,US,740,#F5E87F
58,EU,3,#202A33
58,EU,55,#202A33
58,EU,4,#202A33
58,Asia,3,#CCCCCC
58,Asia,133,#CCCCCC
58,EU,13,#202A33
58,EU,14,#202A33
58,DZ,1,#CCCCCC
58,Asia,2,#CCCCCC
58,MX,2,#CCCCCC
58,EU,1,#202A33
58,Asia,63,#CCCCCC
58,EU,63,#202A33
58,Asia,6,#CCCCCC
58,GN,1,#CCCCCC
58,EU,24,#202A33
58,CA,11,#CCCCCC
58,Asia,1,#CCCCCC
58,Asia,2,#CCCCCC
58,RW,2,#CCCCCC
58,NZ,2,#CCCCCC
58,EU,5,#202A33
58,ZA,3,#CCCCCC
58,Asia,2,#CCCCCC
58,EU,17,#202A33
58,NO,6,#CCCCCC
58,EU,11,#202A33
58,CN,7,#C2648E
58,EU,7,#202A33
58,AU,6,#CCCCCC
58,CF,1,#CCCCCC
58,BR,2,#CCCCCC
58,KE,2,#CCCCCC
58,EU,1,#202A33
58,UY,3,#CCCCCC
58,UG,1,#CCCCCC
58,GH,2,#CCCCCC
58,CH,1,#CCCCCC
58,Asia,1,#CCCCCC
58,NA,1,#CCCCCC
58,NG,2,#CCCCCC
58,Asia,1,#CCCCCC
58,AD,1,#CCCCCC
58,EU,1,#202A33
58,Asia,1,#CCCCCC
58,EU,1,#202A33
58,VE,1,#CCCCCC
59,US,457,#F5E87F
59,Asia,172,#CCCCCC
59,EU,56,#202A33
59,EU,3,#202A33
59,EU,3,#202A33
59,Asia,452,#CCCCCC
59,CN,20,#C2648E
59,EU,7,#202A33
59,MX,2,#CCCCCC
59,EU,1,#202A33
59,EU,47,#202A33
59,GN,1,#CCCCCC
59,EU,17,#202A33
59,EU,21,#202A33
59,NG,2,#CCCCCC
59,ZA,8,#CCCCCC
59,CA,9,#CCCCCC
59,GH,21,#CCCCCC
59,EU,9,#202A33
59,Asia,11,#CCCCCC
59,Asia,7,#CCCCCC
59,EU,10,#202A33
59,EU,5,#202A33
59,RW,2,#CCCCCC
59,Asia,2,#CCCCCC
59,LS,1,#CCCCCC
59,NZ,2,#CCCCCC
59,NO,5,#CCCCCC
59,EU,6,#202A33
59,AU,4,#CCCCCC
59,Asia,2,#CCCCCC
59,CF,1,#CCCCCC
59,BJ,3,#CCCCCC
59,Asia,4,#CCCCCC
59,CD,1,#CCCCCC
59,BR,2,#CCCCCC
59,KE,2,#CCCCCC
59,EU,1,#202A33
59,CH,2,#CCCCCC
59,Asia,1,#CCCCCC
59,EU,1,#202A33
59,Asia,1,#CCCCCC
59,Asia,4,#CCCCCC
59,EU,1,#202A33
59,UY,1,#CCCCCC
60,EU,35,#202A33
60,US,901,#F5E87F
60,EU,6,#202A33
60,EU,67,#202A33
60,Asia,4,#CCCCCC
60,Asia,57,#CCCCCC
60,EU,15,#202A33
60,Asia,162,#CCCCCC
60,UY,5,#CCCCCC
60,EU,14,#202A33
60,MX,3,#CCCCCC
60,Asia,8,#CCCCCC
60,EU,60,#202A33
60,Asia,6,#CCCCCC
60,GN,2,#CCCCCC
60,CA,9,#CCCCCC
60,NG,1,#CCCCCC
60,EU,12,#202A33
60,VE,4,#CCCCCC
60,RW,1,#CCCCCC
60,NO,6,#CCCCCC
60,EU,8,#202A33
60,UG,3,#CCCCCC
60,EU,6,#202A33
60,EU,16,#202A33
60,EU,1,#202A33
60,CN,5,#C2648E
60,HT,1,#CCCCCC
60,EU,1,#202A33
60,CD,1,#CCCCCC
60,EU,4,#202A33
60,CH,3,#CCCCCC
60,GH,2,#CCCCCC
60,AU,3,#CCCCCC
60,NA,5,#CCCCCC
60,CF,2,#CCCCCC
60,Asia,3,#CCCCCC
60,BR,2,#CCCCCC
60,GU,1,#CCCCCC
60,ZA,4,#CCCCCC
60,AD,2,#CCCCCC
60,EU,1,#202A33
60,EU,1,#202A33
60,NZ,1,#CCCCCC
60,CI,1,#CCCCCC
60,Asia,2,#CCCCCC
60,GM,1,#CCCCCC
60,Asia,1,#CCCCCC
60,Asia,1,#CCCCCC
61,US,802,#F5E87F
61,EU,6,#202A33
61,CA,13,#CCCCCC
61,Asia,37,#CCCCCC
61,EU,69,#202A33
61,Asia,148,#CCCCCC
61,EU,12,#202A33
61,EU,34,#202A33
61,EU,22,#202A33
61,EU,52,#202A33
61,EU,10,#202A33
61,EU,10,#202A33
61,MX,7,#CCCCCC
61,Asia,6,#CCCCCC
61,GN,1,#CCCCCC
61,Asia,2,#CCCCCC
61,BR,2,#CCCCCC
61,VE,2,#CCCCCC
61,PA,2,#CCCCCC
61,EU,7,#202A33
61,EU,4,#202A33
61,CN,4,#C2648E
61,Asia,5,#CCCCCC
61,Asia,4,#CCCCCC
61,NO,6,#CCCCCC
61,GM,3,#CCCCCC
61,NG,1,#CCCCCC
61,CH,3,#CCCCCC
61,AU,5,#CCCCCC
61,ZA,2,#CCCCCC
61,CF,1,#CCCCCC
61,Asia,2,#CCCCCC
61,NA,4,#CCCCCC
61,EU,1,#202A33
61,EU,1,#202A33
61,KE,1,#CCCCCC
61,AD,1,#CCCCCC
61,EU,1,#202A33
61,UY,2,#CCCCCC
61,EU,2,#202A33
61,NZ,1,#CCCCCC
61,EU,1,#202A33
61,EU,1,#202A33
61,Asia,1,#CCCCCC
63,EU,6,#202A33
63,US,649,#F5E87F
63,CM,2,#CCCCCC
63,EU,127,#202A33
63,CN,36,#C2648E
63,Asia,151,#CCCCCC
63,EU,6,#202A33
63,Asia,43,#CCCCCC
63,EU,17,#202A33
63,MU,2,#CCCCCC
63,EU,14,#202A33
63,EU,8,#202A33
63,EU,93,#202A33
63,EU,9,#202A33
63,MX,2,#CCCCCC
63,AU,5,#CCCCCC
63,CA,20,#CCCCCC
63,EU,51,#202A33
63,EU,11,#202A33
63,GN,2,#CCCCCC
63,Asia,8,#CCCCCC
63,BR,4,#CCCCCC
63,HT,2,#CCCCCC
63,ZA,4,#CCCCCC
63,EU,2,#202A33
63,NO,8,#CCCCCC
63,Asia,5,#CCCCCC
63,EU,1,#202A33
63,EU,9,#202A33
63,MA,1,#CCCCCC
63,NA,5,#CCCCCC
63,CH,4,#CCCCCC
63,PG,1,#CCCCCC
63,EU,2,#202A33
63,CF,1,#CCCCCC
63,GH,2,#CCCCCC
63,EU,1,#202A33
63,EU,1,#202A33
63,UY,3,#CCCCCC
63,Asia,1,#CCCCCC
63,EU,2,#202A33
63,NZ,1,#CCCCCC
63,Asia,3,#CCCCCC
63,VE,1,#CCCCCC
63,Asia,1,#CCCCCC
63,GM,1,#CCCCCC
65,US,767,#F5E87F
65,EU,4,#202A33
65,CM,2,#CCCCCC
65,Asia,38,#CCCCCC
65,EU,60,#202A33
65,Asia,140,#CCCCCC
65,EU,10,#202A33
65,EU,52,#202A33
65,EU,10,#202A33
65,EU,7,#202A33
65,CA,24,#CCCCCC
65,EU,28,#202A33
65,GN,2,#CCCCCC
65,EU,2,#202A33
65,CN,26,#C2648E
65,VE,2,#CCCCCC
65,NO,8,#CCCCCC
65,EU,3,#202A33
65,EU,4,#202A33
65,Asia,6,#CCCCCC
65,RW,4,#CCCCCC
65,EU,1,#202A33
65,CH,4,#CCCCCC
65,Asia,6,#CCCCCC
65,NA,5,#CCCCCC
65,EU,4,#202A33
65,EU,10,#202A33
65,AU,3,#CCCCCC
65,NZ,2,#CCCCCC
65,EU,1,#202A33
65,BR,3,#CCCCCC
65,HT,1,#CCCCCC
65,EU,1,#202A33
65,MX,1,#CCCCCC
65,Asia,1,#CCCCCC
65,UY,2,#CCCCCC
65,CD,1,#CCCCCC
65,Asia,2,#CCCCCC
65,ZA,1,#CCCCCC
65,Asia,1,#CCCCCC
65,EU,1,#202A33
65,Asia,4,#CCCCCC
65,GH,2,#CCCCCC
65,EU,1,#202A33
65,Asia,1,#CCCCCC
64,US,717,#F5E87F
64,EU,3,#202A33
64,EU,51,#202A33
64,Asia,52,#CCCCCC
64,Asia,140,#CCCCCC
64,EU,15,#202A33
64,EU,12,#202A33
64,UY,4,#CCCCCC
64,EU,10,#202A33
64,EU,7,#202A33
64,MX,3,#CCCCCC
64,CA,38,#CCCCCC
64,EU,32,#202A33
64,EU,49,#202A33
64,EU,7,#202A33
64,GN,1,#CCCCCC
64,EU,2,#202A33
64,VE,2,#CCCCCC
64,Asia,7,#CCCCCC
64,CM,1,#CCCCCC
64,CN,30,#C2648E
64,EU,3,#202A33
64,CF,4,#CCCCCC
64,TG,1,#CCCCCC
64,EU,3,#202A33
64,AR,1,#CCCCCC
64,BR,4,#CCCCCC
64,NA,4,#CCCCCC
64,CH,3,#CCCCCC
64,AU,4,#CCCCCC
64,NZ,2,#CCCCCC
64,NO,4,#CCCCCC
64,PG,1,#CCCCCC
64,EU,4,#202A33
64,EU,1,#202A33
64,Asia,2,#CCCCCC
64,EU,2,#202A33
64,ZA,1,#CCCCCC
64,Asia,2,#CCCCCC
64,RU,1,#CCCCCC
64,Asia,1,#CCCCCC
64,ST,1,#CCCCCC
64,Asia,2,#CCCCCC
62,US,682,#F5E87F
62,EU,5,#202A33
62,EU,49,#202A33
62,Asia,147,#CCCCCC
62,EU,9,#202A33
62,EU,10,#202A33
62,Asia,33,#CCCCCC
62,EU,9,#202A33
62,MX,2,#CCCCCC
62,EU,44,#202A33
62,EU,36,#202A33
62,GN,1,#CCCCCC
62,VE,3,#CCCCCC
62,CA,15,#CCCCCC
62,Asia,8,#CCCCCC
62,Asia,4,#CCCCCC
62,AU,6,#CCCCCC
62,PA,1,#CCCCCC
62,EU,3,#202A33
62,CN,8,#C2648E
62,Asia,7,#CCCCCC
62,NO,5,#CCCCCC
62,EU,17,#202A33
62,EU,1,#202A33
62,CH,4,#CCCCCC
62,Asia,2,#CCCCCC
62,EU,5,#202A33
62,CF,1,#CCCCCC
62,Asia,1,#CCCCCC
62,BR,2,#CCCCCC
62,HT,1,#CCCCCC
62,EU,2,#202A33
62,EU,1,#202A33
62,EU,1,#202A33
62,UY,2,#CCCCCC
62,CD,1,#CCCCCC
62,EU,2,#202A33
62,ZA,1,#CCCCCC
66,CA,52,#CCCCCC
66,US,702,#F5E87F
66,EU,71,#202A33
66,Asia,42,#CCCCCC
66,EU,9,#202A33
66,EU,30,#202A33
66,EU,14,#202A33
66,EU,11,#202A33
66,NA,5,#CCCCCC
66,Asia,121,#CCCCCC
66,MX,2,#CCCCCC
66,EU,3,#202A33
66,EU,62,#202A33
66,Asia,6,#CCCCCC
66,GN,1,#CCCCCC
66,CN,38,#C2648E
66,EU,1,#202A33
66,CM,1,#CCCCCC
66,NO,6,#CCCCCC
66,EU,1,#202A33
66,Asia,7,#CCCCCC
66,EU,4,#202A33
66,EU,4,#202A33
66,NZ,2,#CCCCCC
66,EU,17,#202A33
66,EU,1,#202A33
66,AU,5,#CCCCCC
66,EU,3,#202A33
66,Asia,5,#CCCCCC
66,EU,2,#202A33
66,ZA,2,#CCCCCC
66,EU,3,#202A33
66,CH,2,#CCCCCC
66,Asia,2,#CCCCCC
66,BR,2,#CCCCCC
66,EU,1,#202A33
66,GH,2,#CCCCCC
66,Asia,2,#CCCCCC
66,UY,4,#CCCCCC
66,CD,1,#CCCCCC
66,KE,1,#CCCCCC
66,EU,1,#202A33
66,EU,1,#202A33
66,NG,1,#CCCCCC
68,CA,13,#CCCCCC
68,US,564,#F5E87F
68,CM,1,#CCCCCC
68,TG,1,#CCCCCC
68,EU,81,#202A33
68,Asia,137,#CCCCCC
68,EU,16,#202A33
68,EU,13,#202A33
68,EU,78,#202A33
68,UY,7,#CCCCCC
68,Asia,37,#CCCCCC
68,EU,11,#202A33
68,EU,54,#202A33
68,EU,6,#202A33
68,EU,5,#202A33
68,Asia,9,#CCCCCC
68,EU,18,#202A33
68,EU,15,#202A33
68,EU,19,#202A33
68,EU,2,#202A33
68,EU,7,#202A33
68,CN,37,#C2648E
68,Asia,7,#CCCCCC
68,CH,6,#CCCCCC
68,NO,9,#CCCCCC
68,GN,1,#CCCCCC
68,Asia,1,#CCCCCC
68,EU,1,#202A33
68,Asia,3,#CCCCCC
68,NZ,2,#CCCCCC
68,KE,1,#CCCCCC
68,BR,2,#CCCCCC
68,EU,1,#202A33
68,EU,1,#202A33
68,AU,2,#CCCCCC
68,MX,2,#CCCCCC
68,TN,1,#CCCCCC
68,Asia,5,#CCCCCC
68,EU,2,#202A33
68,EU,3,#202A33
68,ZA,3,#CCCCCC
69,CA,23,#CCCCCC
69,US,646,#F5E87F
69,EU,13,#202A33
69,Asia,43,#CCCCCC
69,TG,1,#CCCCCC
69,EU,67,#202A33
69,Asia,121,#CCCCCC
69,EU,14,#202A33
69,EU,38,#202A33
69,EU,8,#202A33
69,MX,1,#CCCCCC
69,Asia,1,#CCCCCC
69,EU,51,#202A33
69,EU,5,#202A33
69,Asia,9,#CCCCCC
69,CN,40,#C2648E
69,NO,7,#CCCCCC
69,EU,13,#202A33
69,EU,3,#202A33
69,EU,1,#202A33
69,VE,2,#CCCCCC
69,Asia,5,#CCCCCC
69,UY,7,#CCCCCC
69,Asia,15,#CCCCCC
69,EU,3,#202A33
69,EU,1,#202A33
69,CH,5,#CCCCCC
69,JA,1,#CCCCCC
69,AU,4,#CCCCCC
69,Asia,2,#CCCCCC
69,BR,4,#CCCCCC
69,EU,2,#202A33
69,EU,1,#202A33
69,EU,2,#202A33
69,NZ,1,#CCCCCC
69,CD,1,#CCCCCC
69,ZW,1,#CCCCCC
69,CM,2,#CCCCCC
69,CG,1,#CCCCCC
69,NA,1,#CCCCCC
69,EU,2,#202A33
69,CL,1,#CCCCCC
69,Asia,1,#CCCCCC
67,US,732,#F5E87F
67,CM,2,#CCCCCC
67,MU,1,#CCCCCC
67,EU,55,#202A33
67,Asia,119,#CCCCCC
67,EU,56,#202A33
67,UY,8,#CCCCCC
67,EU,11,#202A33
67,EU,7,#202A33
67,NA,7,#CCCCCC
67,EU,32,#202A33
67,MX,3,#CCCCCC
67,CA,27,#CCCCCC
67,Asia,5,#CCCCCC
67,EU,11,#202A33
67,EU,18,#202A33
67,EU,2,#202A33
67,CN,30,#C2648E
67,EU,1,#202A33
67,Asia,38,#CCCCCC
67,EU,2,#202A33
67,EU,2,#202A33
67,BR,4,#CCCCCC
67,Asia,5,#CCCCCC
67,AR,1,#CCCCCC
67,ZA,3,#CCCCCC
67,CH,3,#CCCCCC
67,AU,5,#CCCCCC
67,NZ,3,#CCCCCC
67,EU,10,#202A33
67,NO,4,#CCCCCC
67,HT,1,#CCCCCC
67,EU,2,#202A33
67,EU,1,#202A33
67,Asia,4,#CCCCCC
67,Asia,1,#CCCCCC
67,EU,2,#202A33
67,TG,1,#CCCCCC
67,EU,1,#202A33
67,EU,1,#202A33
67,EU,1,#202A33
67,GH,1,#CCCCCC
67,Asia,2,#CCCCCC
70,CA,42,#CCCCCC
70,US,614,#F5E87F
70,CM,1,#CCCCCC
70,Asia,42,#CCCCCC
70,Asia,115,#CCCCCC
70,EU,14,#202A33
70,MU,2,#CCCCCC
70,UY,8,#CCCCCC
70,EU,11,#202A33
70,EU,38,#202A33
70,MX,1,#CCCCCC
70,EU,52,#202A33
70,CN,37,#C2648E
70,EU,62,#202A33
70,EU,5,#202A33
70,Asia,7,#CCCCCC
70,EU,3,#202A33
70,EU,9,#202A33
70,Asia,2,#CCCCCC
70,Asia,6,#CCCCCC
70,EU,8,#202A33
70,CH,5,#CCCCCC
70,NO,7,#CCCCCC
70,BR,4,#CCCCCC
70,NZ,2,#CCCCCC
70,EU,1,#202A33
70,EU,12,#202A33
70,AU,4,#CCCCCC
70,Asia,5,#CCCCCC
70,IO,1,#CCCCCC
70,EU,1,#202A33
70,FJ,1,#CCCCCC
70,CD,1,#CCCCCC
70,EU,1,#202A33
71,US,750,#F5E87F
71,Asia,110,#CCCCCC
71,EU,16,#202A33
71,EU,10,#202A33
71,EU,55,#202A33
71,EU,12,#202A33
71,EU,50,#202A33
71,MX,2,#CCCCCC
71,CA,18,#CCCCCC
71,EU,24,#202A33
71,EU,6,#202A33
71,EU,4,#202A33
71,Asia,22,#CCCCCC
71,Asia,3,#CCCCCC
71,CN,20,#C2648E
71,Asia,4,#CCCCCC
71,EU,2,#202A33
71,AU,6,#CCCCCC
71,UY,6,#CCCCCC
71,GH,1,#CCCCCC
71,EU,4,#202A33
71,EU,1,#202A33
71,EU,3,#202A33
71,BR,3,#CCCCCC
71,NO,6,#CCCCCC
71,EU,13,#202A33
71,Asia,7,#CCCCCC
71,MU,1,#CCCCCC
71,KE,2,#CCCCCC
71,CH,1,#CCCCCC
71,TG,1,#CCCCCC
71,Asia,4,#CCCCCC
71,Asia,1,#CCCCCC
71,NA,1,#CCCCCC
71,HT,1,#CCCCCC
71,GM,1,#CCCCCC
71,EU,2,#202A33
71,EU,1,#202A33
71,Asia,1,#CCCCCC
71,ET,1,#CCCCCC
72,CA,35,#CCCCCC
72,US,430,#F5E87F
72,EU,52,#202A33
72,VE,1,#CCCCCC
72,EU,57,#202A33
72,Asia,57,#CCCCCC
72,Asia,115,#CCCCCC
72,Asia,2,#CCCCCC
72,EU,25,#202A33
72,NO,12,#CCCCCC
72,EU,22,#202A33
72,Asia,14,#CCCCCC
72,EU,31,#202A33
72,AU,13,#CCCCCC
72,EU,52,#202A33
72,EU,71,#202A33
72,EU,11,#202A33
72,Asia,7,#CCCCCC
72,EU,3,#202A33
72,ET,1,#CCCCCC
72,Asia,5,#CCCCCC
72,CN,65,#C2648E
72,CH,9,#CCCCCC
72,EU,25,#202A33
72,NZ,1,#CCCCCC
72,UY,3,#CCCCCC
72,EU,14,#202A33
72,Asia,1,#CCCCCC
72,AQ,1,#CCCCCC
72,ML,1,#CCCCCC
72,EU,10,#202A33
72,Asia,1,#CCCCCC
72,EU,6,#202A33
72,Asia,5,#CCCCCC
72,EU,3,#202A33
72,BR,3,#CCCCCC
72,EU,2,#202A33
72,EU,4,#202A33
72,MD,1,#CCCCCC
72,MU,1,#CCCCCC
72,AR,1,#CCCCCC
72,EU,2,#202A33
72,Asia,1,#CCCCCC
72,CL,1,#CCCCCC
72,IS,1,#CCCCCC
72,Asia,1,#CCCCCC
72,Asia,1,#CCCCCC
72,EU,1,#202A33
73,US,491,#F5E87F
73,Asia,22,#CCCCCC
73,TG,1,#CCCCCC
73,EU,16,#202A33
73,CA,27,#CCCCCC
73,NO,9,#CCCCCC
73,EU,28,#202A33
73,Asia,94,#CCCCCC
73,AU,9,#CCCCCC
73,EU,28,#202A33
73,EU,25,#202A33
73,EU,51,#202A33
73,NC,2,#CCCCCC
73,Asia,1,#CCCCCC
73,CH,7,#CCCCCC
73,EU,36,#202A33
73,EU,6,#202A33
73,EU,4,#202A33
73,EU,14,#202A33
73,CN,28,#C2648E
73,KE,1,#CCCCCC
73,HT,2,#CCCCCC
73,EU,8,#202A33
73,AQ,1,#CCCCCC
73,EU,2,#202A33
73,Asia,9,#CCCCCC
73,UY,1,#CCCCCC
73,AR,1,#CCCCCC
73,EU,4,#202A33
73,Asia,2,#CCCCCC
73,Asia,2,#CCCCCC
73,ZA,1,#CCCCCC
73,CG,1,#CCCCCC
73,BR,3,#CCCCCC
73,EU,5,#202A33
73,EU,1,#202A33
73,TK,1,#CCCCCC
73,EU,2,#202A33
73,Asia,1,#CCCCCC
73,PA,1,#CCCCCC
73,NZ,2,#CCCCCC
73,VE,1,#CCCCCC
73,EU,1,#202A33
73,AX,1,#CCCCCC
73,FJ,1,#CCCCCC
73,CL,1,#CCCCCC
73,MD,2,#CCCCCC
73,TV,1,#CCCCCC
73,Asia,1,#CCCCCC
73,MA,1,#CCCCCC
73,EU,1,#202A33
73,Asia,1,#CCCCCC
74,EU,52,#202A33
74,CA,38,#CCCCCC
74,US,654,#F5E87F
74,TG,1,#CCCCCC
74,Asia,1,#CCCCCC
74,EU,16,#202A33
74,NO,12,#CCCCCC
74,EU,21,#202A33
74,EU,25,#202A33
74,Asia,89,#CCCCCC
74,AU,11,#CCCCCC
74,EU,29,#202A33
74,Asia,1,#CCCCCC
74,EU,5,#202A33
74,EU,55,#202A33
74,AR,1,#CCCCCC
74,EU,30,#202A33
74,CH,9,#CCCCCC
74,EU,3,#202A33
74,RU,1,#CCCCCC
74,NZ,4,#CCCCCC
74,BR,4,#CCCCCC
74,CN,38,#C2648E
74,EU,2,#202A33
74,EU,10,#202A33
74,AQ,1,#CCCCCC
74,MX,2,#CCCCCC
74,Asia,7,#CCCCCC
74,EU,2,#202A33
74,UY,2,#CCCCCC
74,EU,1,#202A33
74,Asia,24,#CCCCCC
74,Asia,1,#CCCCCC
74,Asia,4,#CCCCCC
74,Asia,1,#CCCCCC
74,Asia,5,#CCCCCC
74,Asia,2,#CCCCCC
74,EU,2,#202A33
74,EU,2,#202A33
74,EU,4,#202A33
74,Asia,1,#CCCCCC
74,EU,4,#202A33
74,RW,1,#CCCCCC
74,MW,1,#CCCCCC
74,KE,1,#CCCCCC
74,UG,1,#CCCCCC
74,EU,2,#202A33
74,MA,1,#CCCCCC
74,Asia,1,#CCCCCC
75,BR,5,#CCCCCC
75,US,398,#F5E87F
75,EU,99,#202A33
75,VE,1,#CCCCCC
75,Asia,35,#CCCCCC
75,Asia,93,#CCCCCC
75,MU,1,#CCCCCC
75,EU,28,#202A33
75,CA,22,#CCCCCC
75,NO,11,#CCCCCC
75,CN,102,#C2648E
75,AU,8,#CCCCCC
75,EU,42,#202A33
75,EU,50,#202A33
75,EU,11,#202A33
75,EU,74,#202A33
75,EU,35,#202A33
75,EU,18,#202A33
75,Asia,3,#CCCCCC
75,CH,13,#CCCCCC
75,RU,2,#CCCCCC
75,EU,1,#202A33
75,MX,1,#CCCCCC
75,VA,1,#CCCCCC
75,UY,3,#CCCCCC
75,Asia,1,#CCCCCC
75,EU,12,#202A33
75,EU,3,#202A33
75,EU,1,#202A33
75,EG,1,#CCCCCC
75,EU,5,#202A33
75,MA,2,#CCCCCC
75,Asia,14,#CCCCCC
75,KE,1,#CCCCCC
75,EU,3,#202A33
75,EU,6,#202A33
75,Asia,1,#CCCCCC
75,EU,3,#202A33
75,CG,1,#CCCCCC
75,ZA,1,#CCCCCC
75,Asia,2,#CCCCCC
75,NZ,1,#CCCCCC
75,EU,1,#202A33
75,UG,1,#CCCCCC
75,Asia,1,#CCCCCC
75,CL,1,#CCCCCC
75,PR,1,#CCCCCC
75,Asia,1,#CCCCCC
75,EU,1,#202A33
75,EU,1,#202A33
75,Asia,1,#CCCCCC
76,Asia,401,#CCCCCC
76,BR,6,#CCCCCC
76,US,307,#F5E87F
76,Asia,41,#CCCCCC
76,EU,17,#202A33
76,CA,19,#CCCCCC
76,EU,22,#202A33
76,EU,28,#202A33
76,EU,27,#202A33
76,EU,44,#202A33
76,EU,5,#202A33
76,Asia,4,#CCCCCC
76,Asia,6,#CCCCCC
76,CN,100,#C2648E
76,ET,1,#CCCCCC
76,EU,37,#202A33
76,EU,13,#202A33
76,MX,1,#CCCCCC
76,NZ,4,#CCCCCC
76,Asia,2,#CCCCCC
76,EU,9,#202A33
76,Asia,10,#CCCCCC
76,EU,2,#202A33
76,CH,5,#CCCCCC
76,NO,4,#CCCCCC
76,AU,12,#CCCCCC
76,EU,2,#202A33
76,UY,1,#CCCCCC
76,AR,1,#CCCCCC
76,EU,1,#202A33
76,Asia,1,#CCCCCC
76,Asia,3,#CCCCCC
76,EU,4,#202A33
76,EU,2,#202A33
76,MU,1,#CCCCCC
76,EU,2,#202A33
76,GA,1,#CCCCCC
76,FJ,1,#CCCCCC
76,CL,1,#CCCCCC
76,PR,1,#CCCCCC
76,CR,1,#CCCCCC
76,EU,1,#202A33
76,Asia,1,#CCCCCC
77,BR,6,#CCCCCC
77,US,663,#F5E87F
77,TG,2,#CCCCCC
77,Asia,108,#CCCCCC
77,EU,24,#202A33
77,CA,42,#CCCCCC
77,CN,103,#C2648E
77,EU,27,#202A33
77,AU,9,#CCCCCC
77,Asia,3,#CCCCCC
77,EU,29,#202A33
77,EU,40,#202A33
77,EU,47,#202A33
77,EU,33,#202A33
77,EU,6,#202A33
77,Asia,24,#CCCCCC
77,EU,14,#202A33
77,EU,1,#202A33
77,EU,1,#202A33
77,NZ,3,#CCCCCC
77,RU,1,#CCCCCC
77,PA,1,#CCCCCC
77,Asia,1,#CCCCCC
77,EU,8,#202A33
77,Asia,3,#CCCCCC
77,CH,8,#CCCCCC
77,MA,1,#CCCCCC
77,Asia,11,#CCCCCC
77,EU,1,#202A33
77,MU,1,#CCCCCC
77,MX,3,#CCCCCC
77,EU,2,#202A33
77,BW,1,#CCCCCC
77,Asia,2,#CCCCCC
77,Asia,1,#CCCCCC
77,NA,1,#CCCCCC
77,EU,3,#202A33
77,NO,6,#CCCCCC
77,Asia,1,#CCCCCC
77,FJ,1,#CCCCCC
77,MW,1,#CCCCCC
77,VA,1,#CCCCCC
77,UG,1,#CCCCCC
77,EU,1,#202A33
77,EU,1,#202A33
77,EU,1,#202A33
77,Asia,1,#CCCCCC
77,ET,1,#CCCCCC
78,EU,49,#202A33
78,BR,6,#CCCCCC
78,US,391,#F5E87F
78,VE,1,#CCCCCC
78,Asia,30,#CCCCCC
78,TG,1,#CCCCCC
78,Asia,100,#CCCCCC
78,EU,69,#202A33
78,CA,30,#CCCCCC
78,Asia,16,#CCCCCC
78,EU,55,#202A33
78,EU,27,#202A33
78,CN,128,#C2648E
78,AU,13,#CCCCCC
78,NZ,4,#CCCCCC
78,EU,31,#202A33
78,Asia,1,#CCCCCC
78,EU,11,#202A33
78,Asia,4,#CCCCCC
78,EU,28,#202A33
78,Asia,1,#CCCCCC
78,EU,96,#202A33
78,EU,21,#202A33
78,GH,1,#CCCCCC
78,MX,2,#CCCCCC
78,EU,3,#202A33
78,EU,11,#202A33
78,Asia,2,#CCCCCC
78,AQ,1,#CCCCCC
78,UY,2,#CCCCCC
78,Asia,5,#CCCCCC
78,RU,1,#CCCCCC
78,CH,12,#CCCCCC
78,NO,10,#CCCCCC
78,CO,1,#CCCCCC
78,EU,2,#202A33
78,EU,2,#202A33
78,AL,1,#CCCCCC
78,ET,1,#CCCCCC
78,EU,2,#202A33
78,EU,4,#202A33
78,EU,2,#202A33
78,MU,2,#CCCCCC
78,EU,3,#202A33
78,MD,1,#CCCCCC
78,EU,1,#202A33
78,CL,1,#CCCCCC
78,PR,1,#CCCCCC
78,EU,1,#202A33
78,Asia,1,#CCCCCC
78,EU,1,#202A33
78,TC,1,#CCCCCC
78,Asia,1,#CCCCCC
79,US,346,#F5E87F
79,Asia,5,#CCCCCC
79,Asia,3,#CCCCCC
79,Asia,43,#CCCCCC
79,EU,20,#202A33
79,CN,375,#C2648E
79,AU,8,#CCCCCC
79,NZ,4,#CCCCCC
79,MX,5,#CCCCCC
79,EU,27,#202A33
79,Asia,97,#CCCCCC
79,Asia,1,#CCCCCC
79,EU,46,#202A33
79,EU,7,#202A33
79,Asia,6,#CCCCCC
79,EU,36,#202A33
79,CA,24,#CCCCCC
79,EU,27,#202A33
79,BR,8,#CCCCCC
79,Asia,9,#CCCCCC
79,EU,13,#202A33
79,EU,17,#202A33
79,TF,1,#CCCCCC
79,EU,1,#202A33
79,Asia,4,#CCCCCC
79,CH,7,#CCCCCC
79,EU,11,#202A33
79,Asia,9,#CCCCCC
79,ZA,4,#CCCCCC
79,AR,2,#CCCCCC
79,EU,2,#202A33
79,EU,2,#202A33
79,EU,5,#202A33
79,VE,2,#CCCCCC
79,KE,1,#CCCCCC
79,MU,2,#CCCCCC
79,SN,1,#CCCCCC
79,NO,7,#CCCCCC
79,Asia,2,#CCCCCC
79,UM,1,#CCCCCC
79,CD,1,#CCCCCC
79,EU,3,#202A33
79,Asia,1,#CCCCCC
79,Asia,1,#CCCCCC
79,UG,1,#CCCCCC
79,RU,1,#CCCCCC
79,EU,1,#202A33
79,Asia,2,#CCCCCC
79,CR,1,#CCCCCC
79,Asia,1,#CCCCCC
79,Asia,1,#CCCCCC
79,BJ,1,#CCCCCC
79,Asia,1,#CCCCCC
80,Asia,12,#CCCCCC
80,EU,51,#202A33
80,CA,36,#CCCCCC
80,US,464,#F5E87F
80,NG,5,#CCCCCC
80,EU,29,#202A33
80,EU,27,#202A33
80,EU,36,#202A33
80,EU,5,#202A33
80,UG,2,#CCCCCC
80,AU,12,#CCCCCC
80,NZ,5,#CCCCCC
80,MD,1,#CCCCCC
80,EU,42,#202A33
80,MX,4,#CCCCCC
80,Asia,77,#CCCCCC
80,PA,1,#CCCCCC
80,EU,67,#202A33
80,EU,19,#202A33
80,BR,6,#CCCCCC
80,EU,4,#202A33
80,CN,153,#C2648E
80,EU,15,#202A33
80,EU,86,#202A33
80,EU,42,#202A33
80,NO,13,#CCCCCC
80,CI,1,#CCCCCC
80,EU,7,#202A33
80,TN,1,#CCCCCC
80,Asia,5,#CCCCCC
80,EU,3,#202A33
80,Asia,3,#CCCCCC
80,Asia,16,#CCCCCC
80,EU,4,#202A33
80,Asia,11,#CCCCCC
80,AQ,1,#CCCCCC
80,RU,2,#CCCCCC
80,CH,11,#CCCCCC
80,MU,1,#CCCCCC
80,AR,1,#CCCCCC
80,EU,5,#202A33
80,SN,4,#CCCCCC
80,Asia,1,#CCCCCC
80,Asia,1,#CCCCCC
80,EU,5,#202A33
80,Asia,1,#CCCCCC
80,CD,2,#CCCCCC
80,UA,1,#CCCCCC
80,Asia,1,#CCCCCC
80,UY,2,#CCCCCC
80,ET,1,#CCCCCC
80,Asia,1,#CCCCCC
80,Asia,1,#CCCCCC
80,EU,2,#202A33
80,Asia,1,#CCCCCC
80,CL,1,#CCCCCC
80,EU,1,#202A33
80,IS,1,#CCCCCC
80,EU,1,#202A33
80,Asia,1,#CCCCCC
80,Asia,1,#CCCCCC
80,CC,1,#CCCCCC
81,EU,36,#202A33
81,US,554,#F5E87F
81,MU,2,#CCCCCC
81,Asia,4,#CCCCCC
81,EU,23,#202A33
81,Asia,15,#CCCCCC
81,HT,1,#CCCCCC
81,EU,21,#202A33
81,CA,75,#CCCCCC
81,NZ,4,#CCCCCC
81,Asia,1,#CCCCCC
81,EU,24,#202A33
81,Asia,82,#CCCCCC
81,Asia,1,#CCCCCC
81,EU,8,#202A33
81,EU,47,#202A33
81,CN,149,#C2648E
81,RU,1,#CCCCCC
81,EU,39,#202A33
81,BR,7,#CCCCCC
81,CL,1,#CCCCCC
81,EU,1,#202A33
81,EU,17,#202A33
81,Asia,11,#CCCCCC
81,Asia,29,#CCCCCC
81,EU,1,#202A33
81,Asia,1,#CCCCCC
81,CD,9,#CCCCCC
81,EU,14,#202A33
81,AU,12,#CCCCCC
81,EU,2,#202A33
81,Asia,3,#CCCCCC
81,NO,6,#CCCCCC
81,MA,1,#CCCCCC
81,EU,1,#202A33
81,SN,2,#CCCCCC
81,CH,10,#CCCCCC
81,Asia,1,#CCCCCC
81,EU,4,#202A33
81,Asia,2,#CCCCCC
81,EU,3,#202A33
81,GH,3,#CCCCCC
81,UY,2,#CCCCCC
81,DZ,1,#CCCCCC
81,UG,1,#CCCCCC
81,EU,2,#202A33
81,AD,1,#CCCCCC
81,CG,1,#CCCCCC
81,NG,1,#CCCCCC
81,Asia,1,#CCCCCC
81,UM,1,#CCCCCC
81,EU,1,#202A33
81,SC,1,#CCCCCC
81,EU,1,#202A33
81,PA,1,#CCCCCC
81,Asia,1,#CCCCCC
82,EU,21,#202A33
82,US,367,#F5E87F
82,VE,1,#CCCCCC
82,Asia,1,#CCCCCC
82,Asia,107,#CCCCCC
82,Asia,45,#CCCCCC
82,EU,19,#202A33
82,EU,12,#202A33
82,EU,13,#202A33
82,NZ,5,#CCCCCC
82,EU,26,#202A33
82,EU,35,#202A33
82,EU,12,#202A33
82,CN,151,#C2648E
82,EU,1,#202A33
82,EU,34,#202A33
82,CA,19,#CCCCCC
82,Asia,11,#CCCCCC
82,EU,1,#202A33
82,BR,4,#CCCCCC
82,Asia,80,#CCCCCC
82,EU,11,#202A33
82,EU,1,#202A33
82,EU,3,#202A33
82,CR,1,#CCCCCC
82,Asia,8,#CCCCCC
82,Asia,2,#CCCCCC
82,EU,2,#202A33
82,Asia,1,#CCCCCC
82,AU,7,#CCCCCC
82,MA,1,#CCCCCC
82,Asia,2,#CCCCCC
82,EU,4,#202A33
82,RU,1,#CCCCCC
82,TZ,1,#CCCCCC
82,EU,5,#202A33
82,CH,4,#CCCCCC
82,Asia,4,#CCCCCC
82,MX,2,#CCCCCC
82,PA,1,#CCCCCC
82,UM,2,#CCCCCC
82,UY,2,#CCCCCC
82,Asia,4,#CCCCCC
82,MU,1,#CCCCCC
82,EU,2,#202A33
82,KE,1,#CCCCCC
82,Asia,1,#CCCCCC
82,LS,1,#CCCCCC
82,EU,1,#202A33
82,Asia,2,#CCCCCC
82,SN,1,#CCCCCC
82,HT,1,#CCCCCC
82,NO,1,#CCCCCC
82,ZA,1,#CCCCCC
82,Asia,1,#CCCCCC
82,EU,1,#202A33
82,Asia,1,#CCCCCC
82,Asia,1,#CCCCCC
83,US,535,#F5E87F
83,TN,3,#CCCCCC
83,CA,36,#CCCCCC
83,NG,2,#CCCCCC
83,EU,84,#202A33
83,EU,179,#202A33
83,CI,4,#CCCCCC
83,EU,36,#202A33
83,TG,1,#CCCCCC
83,EU,64,#202A33
83,Asia,85,#CCCCCC
83,Asia,7,#CCCCCC
83,MU,1,#CCCCCC
83,EU,35,#202A33
83,EU,36,#202A33
83,EU,37,#202A33
83,NZ,4,#CCCCCC
83,Asia,24,#CCCCCC
83,EU,2,#202A33
83,EU,18,#202A33
83,Asia,1,#CCCCCC
83,BR,8,#CCCCCC
83,CN,151,#C2648E
83,Asia,4,#CCCCCC
83,Asia,1,#CCCCCC
83,ET,2,#CCCCCC
83,DZ,7,#CCCCCC
83,NO,13,#CCCCCC
83,EU,4,#202A33
83,CL,1,#CCCCCC
83,EU,1,#202A33
83,EU,5,#202A33
83,EU,3,#202A33
83,Asia,25,#CCCCCC
83,EU,17,#202A33
83,Asia,12,#CCCCCC
83,EU,4,#202A33
83,EU,3,#202A33
83,GN,6,#CCCCCC
83,ML,1,#CCCCCC
83,RU,1,#CCCCCC
83,AU,7,#CCCCCC
83,SN,2,#CCCCCC
83,CD,2,#CCCCCC
83,AR,1,#CCCCCC
83,Asia,1,#CCCCCC
83,ZA,4,#CCCCCC
83,AL,1,#CCCCCC
83,CH,13,#CCCCCC
83,EU,3,#202A33
83,EG,1,#CCCCCC
83,Asia,2,#CCCCCC
83,AI,1,#CCCCCC
83,KN,1,#CCCCCC
83,BJ,1,#CCCCCC
83,EU,7,#202A33
83,Asia,1,#CCCCCC
83,UM,1,#CCCCCC
83,TZ,2,#CCCCCC
83,EU,2,#202A33
83,KE,1,#CCCCCC
83,EU,1,#202A33
83,EU,1,#202A33
83,EU,2,#202A33
83,UY,1,#CCCCCC
83,CF,1,#CCCCCC
83,HT,1,#CCCCCC
83,CM,1,#CCCCCC
83,SL,1,#CCCCCC
83,Asia,1,#CCCCCC
83,GA,1,#CCCCCC
83,Asia,1,#CCCCCC
84,CA,59,#CCCCCC
84,US,613,#F5E87F
84,GH,15,#CCCCCC
84,NG,3,#CCCCCC
84,Asia,2,#CCCCCC
84,Asia,37,#CCCCCC
84,TG,1,#CCCCCC
84,Asia,89,#CCCCCC
84,EU,25,#202A33
84,MU,2,#CCCCCC
84,EU,20,#202A33
84,EU,15,#202A33
84,AU,11,#CCCCCC
84,NZ,4,#CCCCCC
84,EU,39,#202A33
84,Asia,3,#CCCCCC
84,EU,23,#202A33
84,CM,5,#CCCCCC
84,Asia,1,#CCCCCC
84,EU,49,#202A33
84,EU,10,#202A33
84,CN,146,#C2648E
84,EU,42,#202A33
84,DZ,2,#CCCCCC
84,ET,1,#CCCCCC
84,Asia,17,#CCCCCC
84,CL,2,#CCCCCC
84,EU,1,#202A33
84,Asia,9,#CCCCCC
84,TT,1,#CCCCCC
84,MX,3,#CCCCCC
84,EU,3,#202A33
84,Asia,3,#CCCCCC
84,VE,2,#CCCCCC
84,EU,7,#202A33
84,GT,1,#CCCCCC
84,CG,3,#CCCCCC
84,HT,5,#CCCCCC
84,NO,10,#CCCCCC
84,EU,2,#202A33
84,SN,2,#CCCCCC
84,GM,10,#CCCCCC
84,KE,3,#CCCCCC
84,CU,1,#CCCCCC
84,Asia,3,#CCCCCC
84,AR,1,#CCCCCC
84,BJ,1,#CCCCCC
84,BR,5,#CCCCCC
84,EU,3,#202A33
84,PG,1,#CCCCCC
84,EU,3,#202A33
84,CH,8,#CCCCCC
84,EU,1,#202A33
84,Asia,1,#CCCCCC
84,EU,3,#202A33
84,EU,6,#202A33
84,AD,1,#CCCCCC
84,UY,2,#CCCCCC
84,ZW,1,#CCCCCC
84,BZ,1,#CCCCCC
84,CD,1,#CCCCCC
84,GU,1,#CCCCCC
84,Asia,1,#CCCCCC
84,Asia,1,#CCCCCC
84,Asia,1,#CCCCCC
84,Asia,1,#CCCCCC
84,MA,1,#CCCCCC
84,Asia,2,#CCCCCC
84,AL,2,#CCCCCC
84,UG,1,#CCCCCC
84,EU,1,#202A33
85,GM,17,#CCCCCC
85,US,681,#F5E87F
85,CA,40,#CCCCCC
85,VE,2,#CCCCCC
85,Asia,84,#CCCCCC
85,EU,17,#202A33
85,EU,44,#202A33
85,EU,14,#202A33
85,Asia,27,#CCCCCC
85,GA,4,#CCCCCC
85,NZ,4,#CCCCCC
85,EU,21,#202A33
85,EU,2,#202A33
85,EU,45,#202A33
85,EU,12,#202A33
85,CD,2,#CCCCCC
85,CN,137,#C2648E
85,EU,39,#202A33
85,Asia,8,#CCCCCC
85,CI,2,#CCCCCC
85,EU,24,#202A33
85,CL,2,#CCCCCC
85,AR,2,#CCCCCC
85,Asia,2,#CCCCCC
85,BR,7,#CCCCCC
85,HT,4,#CCCCCC
85,EU,11,#202A33
85,TN,4,#CCCCCC
85,EU,2,#202A33
85,NG,6,#CCCCCC
85,NO,8,#CCCCCC
85,Asia,9,#CCCCCC
85,CH,4,#CCCCCC
85,Asia,1,#CCCCCC
85,UA,1,#CCCCCC
85,MD,1,#CCCCCC
85,LS,2,#CCCCCC
85,CO,1,#CCCCCC
85,Asia,3,#CCCCCC
85,MX,2,#CCCCCC
85,Asia,1,#CCCCCC
85,PA,1,#CCCCCC
85,EU,2,#202A33
85,NE,2,#CCCCCC
85,KE,2,#CCCCCC
85,AU,7,#CCCCCC
85,Asia,1,#CCCCCC
85,EU,4,#202A33
85,EU,4,#202A33
85,GH,2,#CCCCCC
85,Asia,2,#CCCCCC
85,RW,1,#CCCCCC
85,PY,1,#CCCCCC
85,UY,3,#CCCCCC
85,CG,1,#CCCCCC
85,EU,2,#202A33
85,Asia,3,#CCCCCC
85,CM,1,#CCCCCC
85,ET,2,#CCCCCC
85,Asia,1,#CCCCCC
85,Asia,1,#CCCCCC
85,UG,1,#CCCCCC
85,MA,2,#CCCCCC
85,EU,1,#202A33
85,NA,1,#CCCCCC
85,LC,1,#CCCCCC
85,Asia,1,#CCCCCC
85,Asia,1,#CCCCCC
85,Asia,1,#CCCCCC
86,CI,1,#CCCCCC
86,US,630,#F5E87F
86,NG,13,#CCCCCC
86,GH,1,#CCCCCC
86,Asia,88,#CCCCCC
86,EU,16,#202A33
86,EU,13,#202A33
86,NZ,2,#CCCCCC
86,Asia,8,#CCCCCC
86,EU,38,#202A33
86,EU,24,#202A33
86,CA,39,#CCCCCC
86,Asia,2,#CCCCCC
86,EU,47,#202A33
86,EU,9,#202A33
86,GM,6,#CCCCCC
86,Asia,13,#CCCCCC
86,CN,109,#C2648E
86,EU,37,#202A33
86,EU,22,#202A33
86,BB,1,#CCCCCC
86,CL,2,#CCCCCC
86,EU,4,#202A33
86,MX,4,#CCCCCC
86,Asia,1,#CCCCCC
86,EU,8,#202A33
86,AR,3,#CCCCCC
86,HT,1,#CCCCCC
86,BJ,2,#CCCCCC
86,VE,3,#CCCCCC
86,AD,3,#CCCCCC
86,RU,1,#CCCCCC
86,NO,6,#CCCCCC
86,Asia,7,#CCCCCC
86,PY,1,#CCCCCC
86,CR,3,#CCCCCC
86,Asia,2,#CCCCCC
86,EU,1,#202A33
86,EG,1,#CCCCCC
86,EU,5,#202A33
86,BR,5,#CCCCCC
86,DO,1,#CCCCCC
86,Asia,1,#CCCCCC
86,SV,1,#CCCCCC
86,AU,7,#CCCCCC
86,CG,1,#CCCCCC
86,CH,6,#CCCCCC
86,EU,1,#202A33
86,SN,1,#CCCCCC
86,EU,1,#202A33
86,UY,2,#CCCCCC
86,EU,3,#202A33
86,Asia,2,#CCCCCC
86,LS,1,#CCCCCC
86,MU,1,#CCCCCC
86,Asia,1,#CCCCCC
86,EU,2,#202A33
86,TC,1,#CCCCCC
86,CD,1,#CCCCCC
86,KE,1,#CCCCCC
86,SD,1,#CCCCCC
86,Asia,1,#CCCCCC
86,EU,1,#202A33
86,Asia,1,#CCCCCC
86,Asia,1,#CCCCCC
86,Asia,1,#CCCCCC
87,GN,6,#CCCCCC
87,US,523,#F5E87F
87,CA,34,#CCCCCC
87,EU,27,#202A33
87,EU,72,#202A33
87,Asia,14,#CCCCCC
87,Asia,29,#CCCCCC
87,TG,1,#CCCCCC
87,EU,58,#202A33
87,Asia,88,#CCCCCC
87,EU,43,#202A33
87,EU,212,#202A33
87,BR,16,#CCCCCC
87,NG,10,#CCCCCC
87,Asia,3,#CCCCCC
87,EU,21,#202A33
87,NZ,2,#CCCCCC
87,CL,5,#CCCCCC
87,EU,35,#202A33
87,AU,15,#CCCCCC
87,DZ,2,#CCCCCC
87,EG,1,#CCCCCC
87,EU,18,#202A33
87,GM,7,#CCCCCC
87,CN,137,#C2648E
87,EU,7,#202A33
87,NO,14,#CCCCCC
87,CH,24,#CCCCCC
87,CG,6,#CCCCCC
87,ZA,4,#CCCCCC
87,Asia,2,#CCCCCC
87,Asia,2,#CCCCCC
87,EU,23,#202A33
87,EU,4,#202A33
87,MX,7,#CCCCCC
87,CK,1,#CCCCCC
87,CO,2,#CCCCCC
87,TN,1,#CCCCCC
87,EU,2,#202A33
87,Asia,1,#CCCCCC
87,EU,3,#202A33
87,VE,6,#CCCCCC
87,EU,2,#202A33
87,EU,6,#202A33
87,SN,3,#CCCCCC
87,RU,3,#CCCCCC
87,EU,4,#202A33
87,MA,2,#CCCCCC
87,EU,3,#202A33
87,Asia,4,#CCCCCC
87,Asia,12,#CCCCCC
87,EU,1,#202A33
87,BF,4,#CCCCCC
87,CI,2,#CCCCCC
87,EU,5,#202A33
87,AR,2,#CCCCCC
87,EU,4,#202A33
87,Asia,3,#CCCCCC
87,Asia,2,#CCCCCC
87,UG,1,#CCCCCC
87,Asia,3,#CCCCCC
87,EU,7,#202A33
87,EU,5,#202A33
87,KE,4,#CCCCCC
87,UA,1,#CCCCCC
87,GA,1,#CCCCCC
87,UM,2,#CCCCCC
87,UY,2,#CCCCCC
87,BZ,1,#CCCCCC
87,VA,1,#CCCCCC
87,MW,1,#CCCCCC
87,MU,2,#CCCCCC
87,Asia,1,#CCCCCC
87,ET,2,#CCCCCC
87,EH,1,#CCCCCC
88,EU,40,#202A33
88,US,654,#F5E87F
88,GH,13,#CCCCCC
88,CA,76,#CCCCCC
88,EU,20,#202A33
88,ZA,3,#CCCCCC
88,KE,3,#CCCCCC
88,Asia,2,#CCCCCC
88,Asia,11,#CCCCCC
88,NG,3,#CCCCCC
88,EU,15,#202A33
88,NZ,4,#CCCCCC
88,EU,29,#202A33
88,EU,19,#202A33
88,AU,13,#CCCCCC
88,AR,2,#CCCCCC
88,Asia,73,#CCCCCC
88,CM,8,#CCCCCC
88,EU,46,#202A33
88,Asia,25,#CCCCCC
88,EU,11,#202A33
88,TZ,5,#CCCCCC
88,CN,107,#C2648E
88,Asia,2,#CCCCCC
88,GN,1,#CCCCCC
88,RU,2,#CCCCCC
88,EU,44,#202A33
88,HT,3,#CCCCCC
88,GM,8,#CCCCCC
88,CL,3,#CCCCCC
88,MX,2,#CCCCCC
88,BR,11,#CCCCCC
88,EU,1,#202A33
88,BO,2,#CCCCCC
88,CH,9,#CCCCCC
88,EU,10,#202A33
88,UY,4,#CCCCCC
88,VE,3,#CCCCCC
88,ML,1,#CCCCCC
88,EU,1,#202A33
88,Asia,1,#CCCCCC
88,EU,2,#202A33
88,Asia,9,#CCCCCC
88,EU,1,#202A33
88,CU,1,#CCCCCC
88,Asia,2,#CCCCCC
88,NO,7,#CCCCCC
88,TC,1,#CCCCCC
88,Asia,3,#CCCCCC
88,EU,2,#202A33
88,Asia,4,#CCCCCC
88,Asia,1,#CCCCCC
88,Asia,1,#CCCCCC
88,ET,1,#CCCCCC
88,AD,1,#CCCCCC
88,SX,1,#CCCCCC
88,EU,4,#202A33
88,PA,1,#CCCCCC
88,NI,1,#CCCCCC
88,SN,2,#CCCCCC
88,RW,1,#CCCCCC
88,UM,1,#CCCCCC
88,EU,4,#202A33
88,BW,1,#CCCCCC
88,AO,1,#CCCCCC
88,EU,2,#202A33
88,UG,1,#CCCCCC
88,CD,1,#CCCCCC
88,CG,2,#CCCCCC
88,Asia,1,#CCCCCC
88,CW,1,#CCCCCC
88,PE,1,#CCCCCC
88,MA,1,#CCCCCC
88,EU,1,#202A33
88,NR,1,#CCCCCC
88,EU,1,#202A33
88,UA,1,#CCCCCC
88,Asia,1,#CCCCCC
88,CO,2,#CCCCCC
88,CI,1,#CCCCCC
88,Asia,2,#CCCCCC
89,US,578,#F5E87F
89,Asia,1,#CCCCCC
89,CA,35,#CCCCCC
89,EU,32,#202A33
89,EU,21,#202A33
89,VE,4,#CCCCCC
89,EU,85,#202A33
89,Asia,97,#CCCCCC
89,EU,44,#202A33
89,Asia,1,#CCCCCC
89,TG,1,#CCCCCC
89,Asia,16,#CCCCCC
89,NG,5,#CCCCCC
89,MU,4,#CCCCCC
89,EU,189,#202A33
89,Asia,1,#CCCCCC
89,BJ,1,#CCCCCC
89,AU,13,#CCCCCC
89,NZ,3,#CCCCCC
89,EU,24,#202A33
89,EU,26,#202A33
89,GH,7,#CCCCCC
89,Asia,6,#CCCCCC
89,EU,80,#202A33
89,CH,16,#CCCCCC
89,SL,2,#CCCCCC
89,CN,103,#C2648E
89,RU,1,#CCCCCC
89,MA,3,#CCCCCC
89,EU,28,#202A33
89,DZ,1,#CCCCCC
89,GM,2,#CCCCCC
89,CL,2,#CCCCCC
89,EU,3,#202A33
89,MX,3,#CCCCCC
89,BW,1,#CCCCCC
89,Asia,18,#CCCCCC
89,JM,1,#CCCCCC
89,EU,2,#202A33
89,EU,4,#202A33
89,EU,6,#202A33
89,ER,1,#CCCCCC
89,ZA,1,#CCCCCC
89,SC,1,#CCCCCC
89,NO,18,#CCCCCC
89,Asia,3,#CCCCCC
89,Asia,12,#CCCCCC
89,EU,4,#202A33
89,AR,1,#CCCCCC
89,BR,7,#CCCCCC
89,TT,1,#CCCCCC
89,EU,4,#202A33
89,CI,1,#CCCCCC
89,CD,3,#CCCCCC
89,TN,2,#CCCCCC
89,EU,7,#202A33
89,EU,4,#202A33
89,EU,2,#202A33
89,Asia,1,#CCCCCC
89,Asia,1,#CCCCCC
89,Asia,1,#CCCCCC
89,TV,1,#CCCCCC
89,UY,2,#CCCCCC
89,EC,1,#CCCCCC
89,EU,3,#202A33
89,KE,3,#CCCCCC
89,BI,1,#CCCCCC
89,TZ,1,#CCCCCC
89,EU,2,#202A33
89,EU,1,#202A33
89,BF,1,#CCCCCC
89,RW,1,#CCCCCC
89,BO,1,#CCCCCC
89,UG,1,#CCCCCC
89,CM,1,#CCCCCC
89,CG,1,#CCCCCC
89,UA,1,#CCCCCC
89,LR,1,#CCCCCC
89,Asia,1,#CCCCCC
89,ET,1,#CCCCCC
90,TG,1,#CCCCCC
90,Asia,2,#CCCCCC
90,CA,124,#CCCCCC
90,US,657,#F5E87F
90,EU,19,#202A33
90,VE,4,#CCCCCC
90,NG,13,#CCCCCC
90,CI,7,#CCCCCC
90,EU,48,#202A33
90,GH,29,#CCCCCC
90,RU,4,#CCCCCC
90,Asia,70,#CCCCCC
90,EU,27,#202A33
90,Asia,3,#CCCCCC
90,Asia,2,#CCCCCC
90,Asia,1,#CCCCCC
90,EU,56,#202A33
90,Asia,23,#CCCCCC
90,EU,15,#202A33
90,NZ,3,#CCCCCC
90,EU,20,#202A33
90,Asia,8,#CCCCCC
90,CM,15,#CCCCCC
90,MR,1,#CCCCCC
90,EU,18,#202A33
90,EU,49,#202A33
90,CN,115,#C2648E
90,CH,8,#CCCCCC
90,BI,1,#CCCCCC
90,EU,17,#202A33
90,GM,6,#CCCCCC
90,AU,12,#CCCCCC
90,CL,3,#CCCCCC
90,Asia,2,#CCCCCC
90,BR,7,#CCCCCC
90,AR,5,#CCCCCC
90,Asia,2,#CCCCCC
90,Asia,27,#CCCCCC
90,GD,2,#CCCCCC
90,EG,2,#CCCCCC
90,SN,2,#CCCCCC
90,Asia,13,#CCCCCC
90,EU,1,#202A33
90,AD,1,#CCCCCC
90,UY,4,#CCCCCC
90,Asia,1,#CCCCCC
90,Asia,2,#CCCCCC
90,DZ,1,#CCCCCC
90,EU,1,#202A33
90,NO,8,#CCCCCC
90,ZM,3,#CCCCCC
90,KE,6,#CCCCCC
90,EU,2,#202A33
90,EU,1,#202A33
90,EU,3,#202A33
90,MX,4,#CCCCCC
90,ZA,1,#CCCCCC
90,EU,2,#202A33
90,TT,1,#CCCCCC
90,TZ,1,#CCCCCC
90,EU,4,#202A33
90,JM,1,#CCCCCC
90,VA,1,#CCCCCC
90,RS,1,#CCCCCC
90,EU,1,#202A33
90,Asia,1,#CCCCCC
90,Asia,1,#CCCCCC
90,CR,1,#CCCCCC
90,PE,1,#CCCCCC
90,CC,1,#CCCCCC
90,CU,1,#CCCCCC
90,EU,1,#202A33
90,MU,2,#CCCCCC
90,EU,2,#202A33
90,Asia,1,#CCCCCC
90,PA,3,#CCCCCC
90,TN,1,#CCCCCC
90,PY,1,#CCCCCC
90,BF,2,#CCCCCC
90,AL,1,#CCCCCC
90,Asia,1,#CCCCCC
90,MK,1,#CCCCCC
90,CG,1,#CCCCCC
90,EU,1,#202A33
90,Asia,1,#CCCCCC
91,US,658,#F5E87F
91,Asia,9,#CCCCCC
91,EU,23,#202A33
91,NG,12,#CCCCCC
91,Asia,3,#CCCCCC
91,Asia,48,#CCCCCC
91,Asia,77,#CCCCCC
91,CA,51,#CCCCCC
91,BR,13,#CCCCCC
91,Asia,4,#CCCCCC
91,EU,18,#202A33
91,AU,13,#CCCCCC
91,NZ,5,#CCCCCC
91,VE,4,#CCCCCC
91,EU,23,#202A33
91,Asia,22,#CCCCCC
91,TZ,1,#CCCCCC
91,CM,2,#CCCCCC
91,EU,41,#202A33
91,EU,47,#202A33
91,Asia,2,#CCCCCC
91,EU,36,#202A33
91,EU,12,#202A33
91,EU,3,#202A33
91,Asia,2,#CCCCCC
91,MD,1,#CCCCCC
91,CN,120,#C2648E
91,CO,1,#CCCCCC
91,EU,23,#202A33
91,CH,13,#CCCCCC
91,GM,4,#CCCCCC
91,CL,4,#CCCCCC
91,EU,2,#202A33
91,AR,3,#CCCCCC
91,MX,6,#CCCCCC
91,PE,10,#CCCCCC
91,EU,3,#202A33
91,ZA,2,#CCCCCC
91,Asia,2,#CCCCCC
91,EU,10,#202A33
91,TT,1,#CCCCCC
91,EU,7,#202A33
91,EU,2,#202A33
91,GH,2,#CCCCCC
91,CI,1,#CCCCCC
91,BZ,1,#CCCCCC
91,RU,2,#CCCCCC
91,UY,6,#CCCCCC
91,SN,2,#CCCCCC
91,EU,4,#202A33
91,EU,1,#202A33
91,NO,10,#CCCCCC
91,EU,5,#202A33
91,CK,1,#CCCCCC
91,KE,1,#CCCCCC
91,Asia,2,#CCCCCC
91,EC,1,#CCCCCC
91,HT,2,#CCCCCC
91,Asia,2,#CCCCCC
91,EU,2,#202A33
91,NC,1,#CCCCCC
91,EU,1,#202A33
91,VA,1,#CCCCCC
91,Asia,1,#CCCCCC
91,BF,1,#CCCCCC
91,MA,1,#CCCCCC
91,AL,1,#CCCCCC
91,Asia,1,#CCCCCC
92,US,730,#F5E87F
92,Asia,2,#CCCCCC
92,Asia,3,#CCCCCC
92,CA,44,#CCCCCC
92,Asia,20,#CCCCCC
92,EU,21,#202A33
92,CM,14,#CCCCCC
92,NG,14,#CCCCCC
92,CI,3,#CCCCCC
92,EU,46,#202A33
92,Asia,66,#CCCCCC
92,Asia,14,#CCCCCC
92,EU,17,#202A33
92,MA,4,#CCCCCC
92,VE,2,#CCCCCC
92,EU,22,#202A33
92,CO,2,#CCCCCC
92,AU,9,#CCCCCC
92,NZ,4,#CCCCCC
92,EU,18,#202A33
92,Asia,1,#CCCCCC
92,CL,6,#CCCCCC
92,EU,42,#202A33
92,EU,9,#202A33
92,EU,48,#202A33
92,GM,8,#CCCCCC
92,BR,22,#CCCCCC
92,Asia,2,#CCCCCC
92,CN,128,#C2648E
92,ET,3,#CCCCCC
92,CH,8,#CCCCCC
92,MX,2,#CCCCCC
92,AR,2,#CCCCCC
92,EU,10,#202A33
92,HT,2,#CCCCCC
92,EU,6,#202A33
92,RU,4,#CCCCCC
92,Asia,1,#CCCCCC
92,EG,3,#CCCCCC
92,Asia,10,#CCCCCC
92,EU,4,#202A33
92,EU,1,#202A33
92,SN,2,#CCCCCC
92,EU,5,#202A33
92,EC,1,#CCCCCC
92,NO,11,#CCCCCC
92,TN,1,#CCCCCC
92,Asia,7,#CCCCCC
92,BI,1,#CCCCCC
92,VA,3,#CCCCCC
92,Asia,1,#CCCCCC
92,EU,1,#202A33
92,GH,4,#CCCCCC
92,UA,2,#CCCCCC
92,BO,1,#CCCCCC
92,TC,1,#CCCCCC
92,NE,1,#CCCCCC
92,VG,1,#CCCCCC
92,UM,1,#CCCCCC
92,UY,3,#CCCCCC
92,PY,1,#CCCCCC
92,PE,2,#CCCCCC
92,EU,4,#202A33
92,UG,1,#CCCCCC
92,KE,1,#CCCCCC
92,EU,1,#202A33
92,EU,1,#202A33
92,EU,1,#202A33
92,Asia,2,#CCCCCC
92,AD,2,#CCCCCC
92,AL,1,#CCCCCC
92,MU,2,#CCCCCC
92,PS,1,#CCCCCC
92,CG,1,#CCCCCC
92,Asia,1,#CCCCCC
92,SR,1,#CCCCCC
92,CV,1,#CCCCCC
92,Asia,1,#CCCCCC
93,US,573,#F5E87F
93,CA,48,#CCCCCC
93,EU,74,#202A33
93,EU,39,#202A33
93,VE,3,#CCCCCC
93,RU,10,#CCCCCC
93,Asia,24,#CCCCCC
93,Asia,61,#CCCCCC
93,DZ,1,#CCCCCC
93,MU,3,#CCCCCC
93,EU,35,#202A33
93,EU,42,#202A33
93,EU,13,#202A33
93,EU,74,#202A33
93,EU,20,#202A33
93,BR,22,#CCCCCC
93,CN,122,#C2648E
93,NO,14,#CCCCCC
93,AU,11,#CCCCCC
93,NZ,3,#CCCCCC
93,EU,21,#202A33
93,EU,28,#202A33
93,NG,2,#CCCCCC
93,CH,16,#CCCCCC
93,EU,8,#202A33
93,BO,1,#CCCCCC
93,MA,1,#CCCCCC
93,EU,115,#202A33
93,LY,1,#CCCCCC
93,Asia,2,#CCCCCC
93,EU,19,#202A33
93,CI,2,#CCCCCC
93,TN,2,#CCCCCC
93,CL,5,#CCCCCC
93,MX,3,#CCCCCC
93,Asia,35,#CCCCCC
93,KE,2,#CCCCCC
93,Asia,1,#CCCCCC
93,EU,5,#202A33
93,AR,4,#CCCCCC
93,GM,7,#CCCCCC
93,EU,2,#202A33
93,GH,5,#CCCCCC
93,EU,5,#202A33
93,EU,2,#202A33
93,Asia,11,#CCCCCC
93,EC,2,#CCCCCC
93,Asia,1,#CCCCCC
93,UY,4,#CCCCCC
93,Asia,1,#CCCCCC
93,PE,3,#CCCCCC
93,EU,3,#202A33
93,EU,4,#202A33
93,Asia,1,#CCCCCC
93,SV,1,#CCCCCC
93,ZA,1,#CCCCCC
93,CG,4,#CCCCCC
93,Asia,1,#CCCCCC
93,CO,2,#CCCCCC
93,UM,1,#CCCCCC
93,DO,1,#CCCCCC
93,SO,2,#CCCCCC
93,Asia,1,#CCCCCC
93,UA,5,#CCCCCC
93,VA,1,#CCCCCC
93,UG,1,#CCCCCC
93,Asia,1,#CCCCCC
93,CR,1,#CCCCCC
93,EU,2,#202A33
93,EU,1,#202A33
93,EU,2,#202A33
93,Asia,1,#CCCCCC
93,Asia,1,#CCCCCC
93,Asia,1,#CCCCCC
93,Asia,1,#CCCCCC
93,RS,1,#CCCCCC
93,Asia,1,#CCCCCC
93,Asia,1,#CCCCCC
93,EU,1,#202A33
93,Asia,1,#CCCCCC
93,Asia,1,#CCCCCC
93,Asia,1,#CCCCCC
94,Asia,2,#CCCCCC
94,US,473,#F5E87F
94,Asia,1,#CCCCCC
94,Asia,346,#CCCCCC
94,CA,34,#CCCCCC
94,EU,35,#202A33
94,RU,6,#CCCCCC
94,Asia,41,#CCCCCC
94,AU,16,#CCCCCC
94,Asia,1,#CCCCCC
94,BR,36,#CCCCCC
94,GH,6,#CCCCCC
94,EU,15,#202A33
94,NZ,3,#CCCCCC
94,CN,131,#C2648E
94,EU,13,#202A33
94,EU,24,#202A33
94,Asia,33,#CCCCCC
94,KE,3,#CCCCCC
94,CH,10,#CCCCCC
94,EU,42,#202A33
94,EU,36,#202A33
94,NO,12,#CCCCCC
94,EU,46,#202A33
94,Asia,2,#CCCCCC
94,CL,2,#CCCCCC
94,EU,2,#202A33
94,EU,24,#202A33
94,EU,2,#202A33
94,MX,3,#CCCCCC
94,CO,3,#CCCCCC
94,EC,2,#CCCCCC
94,EU,5,#202A33
94,FJ,3,#CCCCCC
94,EU,8,#202A33
94,NG,4,#CCCCCC
94,Asia,2,#CCCCCC
94,AR,7,#CCCCCC
94,Asia,7,#CCCCCC
94,EU,3,#202A33
94,EU,4,#202A33
94,UY,5,#CCCCCC
94,Asia,5,#CCCCCC
94,EU,3,#202A33
94,CK,1,#CCCCCC
94,AD,1,#CCCCCC
94,GM,3,#CCCCCC
94,EU,1,#202A33
94,Asia,1,#CCCCCC
94,EU,4,#202A33
94,Asia,1,#CCCCCC
94,UM,1,#CCCCCC
94,VU,1,#CCCCCC
94,VE,3,#CCCCCC
94,Asia,1,#CCCCCC
94,HT,1,#CCCCCC
94,MA,1,#CCCCCC
94,MU,2,#CCCCCC
94,TO,1,#CCCCCC
94,Asia,1,#CCCCCC
94,PA,1,#CCCCCC
94,EU,1,#202A33
95,Asia,256,#CCCCCC
95,AR,176,#CCCCCC
95,EU,54,#202A33
95,US,583,#F5E87F
95,EU,35,#202A33
95,VE,6,#CCCCCC
95,GH,1,#CCCCCC
95,RU,11,#CCCCCC
95,Asia,17,#CCCCCC
95,TG,2,#CCCCCC
95,ET,6,#CCCCCC
95,BR,67,#CCCCCC
95,EU,2,#202A33
95,Asia,3,#CCCCCC
95,EU,18,#202A33
95,CA,42,#CCCCCC
95,UY,16,#CCCCCC
95,EC,18,#CCCCCC
95,EU,18,#202A33
95,EU,8,#202A33
95,CN,110,#C2648E
95,AU,11,#CCCCCC
95,NZ,4,#CCCCCC
95,EU,28,#202A33
95,CL,23,#CCCCCC
95,Asia,42,#CCCCCC
95,EU,17,#202A33
95,DO,2,#CCCCCC
95,MX,10,#CCCCCC
95,BA,1,#CCCCCC
95,AG,1,#CCCCCC
95,Asia,6,#CCCCCC
95,BZ,1,#CCCCCC
95,AD,4,#CCCCCC
95,EU,54,#202A33
95,EU,60,#202A33
95,CH,9,#CCCCCC
95,BF,1,#CCCCCC
95,LY,1,#CCCCCC
95,MA,3,#CCCCCC
95,BJ,1,#CCCCCC
95,CO,4,#CCCCCC
95,Asia,1,#CCCCCC
95,BB,1,#CCCCCC
95,PE,5,#CCCCCC
95,PA,1,#CCCCCC
95,EU,9,#202A33
95,Asia,2,#CCCCCC
95,BI,1,#CCCCCC
95,Asia,1,#CCCCCC
95,Asia,4,#CCCCCC
95,CR,6,#CCCCCC
95,Asia,8,#CCCCCC
95,EU,5,#202A33
95,EU,1,#202A33
95,Asia,1,#CCCCCC
95,NO,10,#CCCCCC
95,ZA,3,#CCCCCC
95,EU,5,#202A33
95,FJ,1,#CCCCCC
95,IS,1,#CCCCCC
95,EU,1,#202A33
95,BO,3,#CCCCCC
95,EU,3,#202A33
95,PY,1,#CCCCCC
95,NG,1,#CCCCCC
95,BW,1,#CCCCCC
95,Asia,1,#CCCCCC
95,EU,4,#202A33
95,KE,1,#CCCCCC
95,HN,1,#CCCCCC
95,Asia,1,#CCCCCC
95,NC,1,#CCCCCC
95,MU,1,#CCCCCC
95,SS,1,#CCCCCC
95,CM,1,#CCCCCC
95,EU,1,#202A33
95,VA,1,#CCCCCC
95,TC,2,#CCCCCC
96,Asia,2,#CCCCCC
96,US,607,#F5E87F
96,Asia,104,#CCCCCC
96,EU,41,#202A33
96,EU,252,#202A33
96,EU,78,#202A33
96,MA,2,#CCCCCC
96,VE,2,#CCCCCC
96,RU,11,#CCCCCC
96,Asia,53,#CCCCCC
96,Asia,39,#CCCCCC
96,TG,1,#CCCCCC
96,ET,3,#CCCCCC
96,NG,4,#CCCCCC
96,EU,34,#202A33
96,CA,42,#CCCCCC
96,IS,1,#CCCCCC
96,BR,72,#CCCCCC
96,EU,83,#202A33
96,NI,1,#CCCCCC
96,Asia,1,#CCCCCC
96,Asia,1,#CCCCCC
96,AR,11,#CCCCCC
96,EU,21,#202A33
96,EU,11,#202A33
96,CN,143,#C2648E
96,AU,10,#CCCCCC
96,NZ,4,#CCCCCC
96,GH,5,#CCCCCC
96,EU,31,#202A33
96,EU,23,#202A33
96,CH,15,#CCCCCC
96,GN,4,#CCCCCC
96,NO,16,#CCCCCC
96,BY,5,#CCCCCC
96,Asia,3,#CCCCCC
96,DZ,1,#CCCCCC
96,EU,25,#202A33
96,UG,1,#CCCCCC
96,CO,3,#CCCCCC
96,TN,1,#CCCCCC
96,CL,5,#CCCCCC
96,Asia,1,#CCCCCC
96,EU,8,#202A33
96,MX,4,#CCCCCC
96,CR,1,#CCCCCC
96,MU,4,#CCCCCC
96,EU,7,#202A33
96,Asia,4,#CCCCCC
96,ZA,2,#CCCCCC
96,PS,1,#CCCCCC
96,GM,3,#CCCCCC
96,Asia,3,#CCCCCC
96,Asia,13,#CCCCCC
96,EU,7,#202A33
96,EU,5,#202A33
96,UY,4,#CCCCCC
96,UA,3,#CCCCCC
96,VA,1,#CCCCCC
96,PE,5,#CCCCCC
96,ML,1,#CCCCCC
96,EU,4,#202A33
96,PA,1,#CCCCCC
96,Asia,2,#CCCCCC
96,Asia,1,#CCCCCC
96,CG,1,#CCCCCC
96,CM,5,#CCCCCC
96,EU,10,#202A33
96,EU,4,#202A33
96,AD,4,#CCCCCC
96,EU,2,#202A33
96,KE,1,#CCCCCC
96,EU,2,#202A33
96,Asia,1,#CCCCCC
96,EU,1,#202A33
96,Asia,1,#CCCCCC
96,EU,2,#202A33
96,MD,2,#CCCCCC
96,EU,2,#202A33
96,Asia,1,#CCCCCC
96,EC,1,#CCCCCC
96,NC,1,#CCCCCC
96,CI,2,#CCCCCC
96,EU,1,#202A33
96,Asia,1,#CCCCCC
97,EU,20,#202A33
97,RU,7,#CCCCCC
97,US,383,#F5E87F
97,Asia,14,#CCCCCC
97,Asia,53,#CCCCCC
97,Asia,5,#CCCCCC
97,Asia,136,#CCCCCC
97,EU,10,#202A33
97,Asia,1,#CCCCCC
97,NZ,2,#CCCCCC
97,CN,117,#C2648E
97,BR,12,#CCCCCC
97,EU,16,#202A33
97,TN,1,#CCCCCC
97,EU,32,#202A33
97,Asia,2,#CCCCCC
97,EU,8,#202A33
97,EU,34,#202A33
97,EU,43,#202A33
97,ET,1,#CCCCCC
97,CA,31,#CCCCCC
97,CL,1,#CCCCCC
97,EU,16,#202A33
97,Asia,1,#CCCCCC
97,Asia,10,#CCCCCC
97,MX,2,#CCCCCC
97,Asia,2,#CCCCCC
97,AR,2,#CCCCCC
97,EU,9,#202A33
97,AU,16,#CCCCCC
97,EU,3,#202A33
97,Asia,8,#CCCCCC
97,EU,2,#202A33
97,UG,1,#CCCCCC
97,NO,7,#CCCCCC
97,KE,1,#CCCCCC
97,VU,1,#CCCCCC
97,EU,1,#202A33
97,EC,1,#CCCCCC
97,PG,1,#CCCCCC
97,CH,10,#CCCCCC
97,EU,2,#202A33
97,EU,6,#202A33
97,Asia,1,#CCCCCC
97,UY,1,#CCCCCC
97,ZA,1,#CCCCCC
97,Asia,1,#CCCCCC
97,MU,2,#CCCCCC
97,EU,1,#202A33
97,CO,1,#CCCCCC
97,Asia,1,#CCCCCC
97,EU,1,#202A33
97,Asia,1,#CCCCCC
98,EU,35,#202A33
98,CA,48,#CCCCCC
98,US,601,#F5E87F
98,RU,5,#CCCCCC
98,Asia,44,#CCCCCC
98,EU,19,#202A33
98,NG,1,#CCCCCC
98,EU,38,#202A33
98,NO,10,#CCCCCC
98,EU,13,#202A33
98,AU,11,#CCCCCC
98,NZ,3,#CCCCCC
98,CN,86,#C2648E
98,EU,15,#202A33
98,CH,8,#CCCCCC
98,BR,10,#CCCCCC
98,EU,45,#202A33
98,EU,8,#202A33
98,Asia,11,#CCCCCC
98,GY,1,#CCCCCC
98,CL,5,#CCCCCC
98,Asia,15,#CCCCCC
98,MX,4,#CCCCCC
98,KE,2,#CCCCCC
98,AR,3,#CCCCCC
98,EU,9,#202A33
98,EU,2,#202A33
98,EU,4,#202A33
98,EU,16,#202A33
98,Asia,10,#CCCCCC
98,Asia,3,#CCCCCC
98,EU,6,#202A33
98,UY,2,#CCCCCC
98,ZA,2,#CCCCCC
98,UA,2,#CCCCCC
98,HN,2,#CCCCCC
98,EU,1,#202A33
98,PA,1,#CCCCCC
98,EU,3,#202A33
98,Asia,1,#CCCCCC
98,Asia,2,#CCCCCC
98,MU,3,#CCCCCC
98,GD,1,#CCCCCC
98,CO,2,#CCCCCC
98,EU,2,#202A33
98,DM,1,#CCCCCC
98,NA,1,#CCCCCC
98,PE,1,#CCCCCC
98,EU,1,#202A33
98,VE,1,#CCCCCC
98,Asia,1,#CCCCCC
98,BW,1,#CCCCCC
98,Asia,1,#CCCCCC
98,ET,1,#CCCCCC
98,Asia,1,#CCCCCC
98,EU,1,#202A33
98,Asia,1,#CCCCCC
99,EU,33,#202A33
99,AR,5,#CCCCCC
99,Asia,1,#CCCCCC
99,Asia,44,#CCCCCC
99,Asia,2,#CCCCCC
99,CA,32,#CCCCCC
99,Asia,11,#CCCCCC
99,EU,26,#202A33
99,EU,52,#202A33
99,EU,29,#202A33
99,RU,12,#CCCCCC
99,US,452,#F5E87F
99,Asia,24,#CCCCCC
99,EU,64,#202A33
99,Asia,1,#CCCCCC
99,Asia,1,#CCCCCC
99,EU,116,#202A33
99,EU,21,#202A33
99,EU,11,#202A33
99,NZ,2,#CCCCCC
99,CN,95,#C2648E
99,EG,1,#CCCCCC
99,EU,23,#202A33
99,MU,2,#CCCCCC
99,EU,16,#202A33
99,BR,11,#CCCCCC
99,MA,3,#CCCCCC
99,CH,18,#CCCCCC
99,UG,1,#CCCCCC
99,EU,16,#202A33
99,CL,5,#CCCCCC
99,MX,2,#CCCCCC
99,ZA,4,#CCCCCC
99,KE,2,#CCCCCC
99,EU,3,#202A33
99,PA,1,#CCCCCC
99,Asia,7,#CCCCCC
99,NO,9,#CCCCCC
99,Asia,13,#CCCCCC
99,EU,7,#202A33
99,AU,15,#CCCCCC
99,EU,6,#202A33
99,EU,4,#202A33
99,Asia,2,#CCCCCC
99,EU,1,#202A33
99,Asia,1,#CCCCCC
99,UM,1,#CCCCCC
99,UA,1,#CCCCCC
99,Asia,1,#CCCCCC
99,EC,3,#CCCCCC
99,UY,3,#CCCCCC
99,LS,1,#CCCCCC
99,EU,2,#202A33
99,CR,1,#CCCCCC
99,EU,1,#202A33
99,EU,1,#202A33
99,CO,1,#CCCCCC
99,Asia,1,#CCCCCC
99,VE,1,#CCCCCC
99,MD,2,#CCCCCC
99,Asia,4,#CCCCCC
99,Asia,1,#CCCCCC
100,CA,28,#CCCCCC
100,EU,25,#202A33
100,EU,38,#202A33
100,RU,4,#CCCCCC
100,US,390,#F5E87F
100,Asia,67,#CCCCCC
100,EU,37,#202A33
100,NZ,3,#CCCCCC
100,CH,17,#CCCCCC
100,CN,114,#C2648E
100,EU,18,#202A33
100,AU,19,#CCCCCC
100,EU,11,#202A33
100,EU,9,#202A33
100,EU,45,#202A33
100,Asia,1,#CCCCCC
100,Asia,43,#CCCCCC
100,Asia,16,#CCCCCC
100,EU,17,#202A33
100,Asia,4,#CCCCCC
100,Asia,31,#CCCCCC
100,BR,9,#CCCCCC
100,MX,3,#CCCCCC
100,CO,2,#CCCCCC
100,Asia,3,#CCCCCC
100,AR,2,#CCCCCC
100,EU,5,#202A33
100,PA,2,#CCCCCC
100,Asia,7,#CCCCCC
100,WS,1,#CCCCCC
100,EU,2,#202A33
100,NO,10,#CCCCCC
100,DO,1,#CCCCCC
100,Asia,2,#CCCCCC
100,ZA,2,#CCCCCC
100,UA,1,#CCCCCC
100,EU,4,#202A33
100,EU,2,#202A33
100,TZ,1,#CCCCCC
100,UY,1,#CCCCCC
100,EU,3,#202A33
100,Asia,1,#CCCCCC
100,VU,1,#CCCCCC
100,EU,2,#202A33
100,Asia,2,#CCCCCC
100,UG,1,#CCCCCC
100,Asia,1,#CCCCCC
100,Asia,1,#CCCCCC
100,Asia,1,#CCCCCC
100,Asia,3,#CCCCCC
100,Asia,1,#CCCCCC
100,Asia,1,#CCCCCC
100,MU,1,#CCCCCC
100,Asia,1,#CCCCCC
100,ZW,1,#CCCCCC
101,EU,176,#202A33
101,Asia,2,#CCCCCC
101,Asia,51,#CCCCCC
101,Asia,1,#CCCCCC
101,EU,70,#202A33
101,CA,41,#CCCCCC
101,US,418,#F5E87F
101,EU,35,#202A33
101,RU,9,#CCCCCC
101,BY,2,#CCCCCC
101,EU,17,#202A33
101,MX,3,#CCCCCC
101,PS,1,#CCCCCC
101,AR,2,#CCCCCC
101,EU,6,#202A33
101,NZ,3,#CCCCCC
101,CN,102,#C2648E
101,EU,1,#202A33
101,EU,17,#202A33
101,AU,16,#CCCCCC
101,EU,60,#202A33
101,Asia,14,#CCCCCC
101,CH,19,#CCCCCC
101,EU,38,#202A33
101,BR,13,#CCCCCC
101,Asia,2,#CCCCCC
101,EU,16,#202A33
101,EU,10,#202A33
101,Asia,17,#CCCCCC
101,EU,8,#202A33
101,Asia,1,#CCCCCC
101,KE,2,#CCCCCC
101,MZ,1,#CCCCCC
101,EU,2,#202A33
101,CL,3,#CCCCCC
101,EU,3,#202A33
101,Asia,7,#CCCCCC
101,NO,9,#CCCCCC
101,Asia,7,#CCCCCC
101,EU,4,#202A33
101,UA,2,#CCCCCC
101,EU,2,#202A33
101,IS,1,#CCCCCC
101,EU,2,#202A33
101,EU,3,#202A33
101,Asia,1,#CCCCCC
101,Asia,1,#CCCCCC
101,EU,2,#202A33
101,EU,2,#202A33
101,NG,1,#CCCCCC
101,EU,1,#202A33
101,Asia,1,#CCCCCC
101,CM,1,#CCCCCC
101,ME,1,#CCCCCC
101,RS,1,#CCCCCC
101,ZA,1,#CCCCCC
101,ET,1,#CCCCCC
101,Asia,1,#CCCCCC
101,EU,1,#202A33
102,Asia,2,#CCCCCC
102,US,492,#F5E87F
102,EU,22,#202A33
102,RU,4,#CCCCCC
102,Asia,53,#CCCCCC
102,EU,22,#202A33
102,CA,96,#CCCCCC
102,Asia,1,#CCCCCC
102,UA,2,#CCCCCC
102,EU,41,#202A33
102,EU,46,#202A33
102,AU,11,#CCCCCC
102,NZ,2,#CCCCCC
102,CH,10,#CCCCCC
102,EU,10,#202A33
102,EU,15,#202A33
102,LC,1,#CCCCCC
102,EU,31,#202A33
102,KE,2,#CCCCCC
102,CN,79,#C2648E
102,EU,10,#202A33
102,Asia,9,#CCCCCC
102,CL,5,#CCCCCC
102,Asia,31,#CCCCCC
102,MX,2,#CCCCCC
102,AR,3,#CCCCCC
102,EU,6,#202A33
102,MA,1,#CCCCCC
102,SN,3,#CCCCCC
102,UY,3,#CCCCCC
102,Asia,8,#CCCCCC
102,Asia,7,#CCCCCC
102,EU,3,#202A33
102,EU,2,#202A33
102,NO,7,#CCCCCC
102,ET,1,#CCCCCC
102,EU,4,#202A33
102,EU,1,#202A33
102,EU,1,#202A33
102,SV,1,#CCCCCC
102,EG,1,#CCCCCC
102,BR,8,#CCCCCC
102,SR,2,#CCCCCC
102,EU,3,#202A33
102,Asia,1,#CCCCCC
102,Asia,1,#CCCCCC
102,EU,2,#202A33
102,ZA,1,#CCCCCC
102,EU,1,#202A33
102,GH,1,#CCCCCC
102,RS,1,#CCCCCC
102,HN,1,#CCCCCC
102,Asia,1,#CCCCCC
102,Asia,1,#CCCCCC
102,Asia,1,#CCCCCC
102,MD,1,#CCCCCC
102,BB,1,#CCCCCC
103,RU,8,#CCCCCC
103,CA,28,#CCCCCC
103,EU,22,#202A33
103,EU,29,#202A33
103,EU,21,#202A33
103,Asia,56,#CCCCCC
103,Asia,49,#CCCCCC
103,EU,36,#202A33
103,US,311,#F5E87F
103,UA,1,#CCCCCC
103,EU,11,#202A33
103,EU,34,#202A33
103,NZ,1,#CCCCCC
103,CN,84,#C2648E
103,EU,14,#202A33
103,Asia,36,#CCCCCC
103,Asia,2,#CCCCCC
103,BR,6,#CCCCCC
103,MA,1,#CCCCCC
103,EU,6,#202A33
103,Asia,13,#CCCCCC
103,Asia,1,#CCCCCC
103,Asia,6,#CCCCCC
103,KE,3,#CCCCCC
103,Asia,13,#CCCCCC
103,Asia,1,#CCCCCC
103,AR,1,#CCCCCC
103,EU,5,#202A33
103,EU,3,#202A33
103,EU,4,#202A33
103,Asia,6,#CCCCCC
103,FJ,1,#CCCCCC
103,EU,3,#202A33
103,AU,15,#CCCCCC
103,CH,11,#CCCCCC
103,EU,6,#202A33
103,NO,5,#CCCCCC
103,MX,1,#CCCCCC
103,Asia,1,#CCCCCC
103,Asia,1,#CCCCCC
103,Asia,2,#CCCCCC
103,Asia,1,#CCCCCC
103,CO,1,#CCCCCC
103,Asia,1,#CCCCCC
103,EU,3,#202A33
103,Asia,1,#CCCCCC
103,TL,1,#CCCCCC
103,UY,1,#CCCCCC
103,EU,4,#202A33
103,Asia,1,#CCCCCC
103,GM,1,#CCCCCC
103,MU,1,#CCCCCC
103,Asia,1,#CCCCCC
103,VA,1,#CCCCCC
103,VU,1,#CCCCCC
103,TO,1,#CCCCCC
103,EU,1,#202A33
103,Asia,1,#CCCCCC
104,KE,3,#CCCCCC
104,EU,55,#202A33
104,Asia,2,#CCCCCC
104,Asia,50,#CCCCCC
104,CA,39,#CCCCCC
104,EU,30,#202A33
104,US,401,#F5E87F
104,VE,1,#CCCCCC
104,EU,40,#202A33
104,RU,11,#CCCCCC
104,EU,126,#202A33
104,Asia,2,#CCCCCC
104,Asia,2,#CCCCCC
104,UY,2,#CCCCCC
104,EU,7,#202A33
104,EU,65,#202A33
104,AU,13,#CCCCCC
104,NZ,1,#CCCCCC
104,CN,94,#C2648E
104,EU,19,#202A33
104,CH,51,#CCCCCC
104,MU,4,#CCCCCC
104,PS,1,#CCCCCC
104,GH,2,#CCCCCC
104,EU,13,#202A33
104,BR,7,#CCCCCC
104,NO,9,#CCCCCC
104,Asia,6,#CCCCCC
104,ET,2,#CCCCCC
104,Asia,18,#CCCCCC
104,EU,14,#202A33
104,CL,1,#CCCCCC
104,EU,9,#202A33
104,Asia,27,#CCCCCC
104,MX,2,#CCCCCC
104,Asia,3,#CCCCCC
104,Asia,1,#CCCCCC
104,AR,2,#CCCCCC
104,EU,1,#202A33
104,Asia,7,#CCCCCC
104,EU,27,#202A33
104,EG,1,#CCCCCC
104,MA,2,#CCCCCC
104,EU,4,#202A33
104,EU,4,#202A33
104,EU,5,#202A33
104,CR,1,#CCCCCC
104,CO,2,#CCCCCC
104,EU,3,#202A33
104,RS,1,#CCCCCC
104,ME,2,#CCCCCC
104,UA,1,#CCCCCC
104,VA,1,#CCCCCC
104,UG,1,#CCCCCC
104,EU,2,#202A33
104,Asia,1,#CCCCCC
104,EU,1,#202A33
104,Asia,1,#CCCCCC
104,EU,2,#202A33
104,EU,5,#202A33
104,Asia,1,#CCCCCC
104,EU,1,#202A33
104,EU,1,#202A33
105,CN,94,#C2648E
105,Asia,55,#CCCCCC
105,PY,1,#CCCCCC
105,EU,24,#202A33
105,RU,6,#CCCCCC
105,CA,91,#CCCCCC
105,US,510,#F5E87F
105,KE,2,#CCCCCC
105,EU,20,#202A33
105,EU,51,#202A33
105,EU,12,#202A33
105,EU,4,#202A33
105,AU,15,#CCCCCC
105,NZ,2,#CCCCCC
105,EU,14,#202A33
105,EU,39,#202A33
105,EU,9,#202A33
105,Asia,9,#CCCCCC
105,EU,32,#202A33
105,MA,1,#CCCCCC
105,Asia,11,#CCCCCC
105,CL,3,#CCCCCC
105,EU,1,#202A33
105,MX,3,#CCCCCC
105,CO,2,#CCCCCC
105,Asia,32,#CCCCCC
105,AR,3,#CCCCCC
105,EU,7,#202A33
105,Asia,4,#CCCCCC
105,AG,1,#CCCCCC
105,EU,2,#202A33
105,EU,2,#202A33
105,EU,1,#202A33
105,EU,4,#202A33
105,ZA,2,#CCCCCC
105,CH,8,#CCCCCC
105,NO,5,#CCCCCC
105,Asia,4,#CCCCCC
105,BR,5,#CCCCCC
105,EU,1,#202A33
105,PA,1,#CCCCCC
105,UY,2,#CCCCCC
105,MU,1,#CCCCCC
105,BO,1,#CCCCCC
105,EU,1,#202A33
105,Asia,1,#CCCCCC
105,DO,1,#CCCCCC
105,Asia,1,#CCCCCC
105,KN,1,#CCCCCC
105,VE,1,#CCCCCC
106,RU,13,#CCCCCC
106,Asia,1,#CCCCCC
106,Asia,19,#CCCCCC
106,Asia,27,#CCCCCC
106,Asia,6,#CCCCCC
106,EU,30,#202A33
106,US,342,#F5E87F
106,EU,25,#202A33
106,Asia,65,#CCCCCC
106,NO,7,#CCCCCC
106,TG,1,#CCCCCC
106,CA,34,#CCCCCC
106,Asia,2,#CCCCCC
106,UA,2,#CCCCCC
106,KE,3,#CCCCCC
106,EU,17,#202A33
106,EU,55,#202A33
106,EU,11,#202A33
106,NZ,6,#CCCCCC
106,EU,41,#202A33
106,EU,17,#202A33
106,CH,14,#CCCCCC
106,EU,10,#202A33
106,CN,121,#C2648E
106,Asia,5,#CCCCCC
106,GH,2,#CCCCCC
106,EU,7,#202A33
106,BR,6,#CCCCCC
106,CL,1,#CCCCCC
106,Asia,3,#CCCCCC
106,Asia,36,#CCCCCC
106,MX,1,#CCCCCC
106,EC,1,#CCCCCC
106,Asia,5,#CCCCCC
106,Asia,8,#CCCCCC
106,AR,1,#CCCCCC
106,EU,7,#202A33
106,Asia,2,#CCCCCC
106,EG,1,#CCCCCC
106,Asia,1,#CCCCCC
106,EU,4,#202A33
106,EU,3,#202A33
106,EU,2,#202A33
106,EU,1,#202A33
106,AU,18,#CCCCCC
106,CR,1,#CCCCCC
106,EU,3,#202A33
106,CO,1,#CCCCCC
106,EU,1,#202A33
106,ZA,1,#CCCCCC
106,Asia,2,#CCCCCC
106,Asia,1,#CCCCCC
106,CF,1,#CCCCCC
106,TZ,1,#CCCCCC
106,UY,2,#CCCCCC
106,Asia,3,#CCCCCC
106,LS,1,#CCCCCC
106,EU,1,#202A33
106,VA,1,#CCCCCC
106,MU,2,#CCCCCC
106,EU,1,#202A33
106,Asia,1,#CCCCCC
106,,1,#CCCCCC
108,US,471,#F5E87F
108,EG,1,#CCCCCC
108,Asia,52,#CCCCCC
108,CA,45,#CCCCCC
108,EU,44,#202A33
108,EU,35,#202A33
108,EU,74,#202A33
108,KE,3,#CCCCCC
108,AR,4,#CCCCCC
108,EU,26,#202A33
108,EU,19,#202A33
108,EU,9,#202A33
108,EU,11,#202A33
108,UY,3,#CCCCCC
108,AU,10,#CCCCCC
108,EU,16,#202A33
108,CH,10,#CCCCCC
108,Asia,37,#CCCCCC
108,NG,3,#CCCCCC
108,EU,62,#202A33
108,Asia,9,#CCCCCC
108,EU,3,#202A33
108,MA,1,#CCCCCC
108,EU,14,#202A33
108,CN,117,#C2648E
108,Asia,19,#CCCCCC
108,MX,2,#CCCCCC
108,Asia,1,#CCCCCC
108,EC,1,#CCCCCC
108,CL,3,#CCCCCC
108,NZ,1,#CCCCCC
108,EU,2,#202A33
108,EU,4,#202A33
108,EU,7,#202A33
108,ZA,6,#CCCCCC
108,CO,2,#CCCCCC
108,EU,7,#202A33
108,Asia,2,#CCCCCC
108,EU,1,#202A33
108,EU,1,#202A33
108,NO,6,#CCCCCC
108,BR,5,#CCCCCC
108,Asia,1,#CCCCCC
108,CM,4,#CCCCCC
108,MU,4,#CCCCCC
108,RU,3,#CCCCCC
108,EU,2,#202A33
108,EU,1,#202A33
108,Asia,1,#CCCCCC
108,CR,1,#CCCCCC
108,Asia,1,#CCCCCC
108,MK,1,#CCCCCC
108,Asia,3,#CCCCCC
108,UG,1,#CCCCCC
109,EU,45,#202A33
109,Asia,1,#CCCCCC
109,US,466,#F5E87F
109,Asia,62,#CCCCCC
109,EG,1,#CCCCCC
109,CA,53,#CCCCCC
109,EU,34,#202A33
109,EU,69,#202A33
109,EU,19,#202A33
109,EU,89,#202A33
109,Asia,44,#CCCCCC
109,ZA,7,#CCCCCC
109,AR,6,#CCCCCC
109,EU,29,#202A33
109,EU,26,#202A33
109,EU,8,#202A33
109,EU,12,#202A33
109,AU,12,#CCCCCC
109,NZ,5,#CCCCCC
109,CH,16,#CCCCCC
109,RU,8,#CCCCCC
109,ML,1,#CCCCCC
109,NG,4,#CCCCCC
109,Asia,1,#CCCCCC
109,EU,23,#202A33
109,Asia,9,#CCCCCC
109,EU,2,#202A33
109,DZ,1,#CCCCCC
109,MA,1,#CCCCCC
109,Asia,36,#CCCCCC
109,CN,109,#C2648E
109,KY,1,#CCCCCC
109,BR,7,#CCCCCC
109,UY,2,#CCCCCC
109,EU,6,#202A33
109,Asia,1,#CCCCCC
109,Asia,1,#CCCCCC
109,CL,2,#CCCCCC
109,AG,1,#CCCCCC
109,Asia,1,#CCCCCC
109,CX,1,#CCCCCC
109,EU,5,#202A33
109,EU,3,#202A33
109,PA,1,#CCCCCC
109,PE,2,#CCCCCC
109,CO,1,#CCCCCC
109,Asia,10,#CCCCCC
109,Asia,2,#CCCCCC
109,Asia,1,#CCCCCC
109,NO,5,#CCCCCC
109,EU,1,#202A33
109,Asia,2,#CCCCCC
109,NA,1,#CCCCCC
109,MX,1,#CCCCCC
109,CM,1,#CCCCCC
109,Asia,1,#CCCCCC
109,Asia,1,#CCCCCC
109,Asia,1,#CCCCCC
109,KE,1,#CCCCCC
109,EU,2,#202A33
109,EU,1,#202A33
109,DO,1,#CCCCCC
109,EU,2,#202A33
109,Asia,3,#CCCCCC
109,CR,1,#CCCCCC
109,Asia,1,#CCCCCC
109,Asia,1,#CCCCCC
109,AO,1,#CCCCCC
109,EU,1,#202A33
109,MU,1,#CCCCCC
109,Asia,1,#CCCCCC
109,UG,1,#CCCCCC
110,EU,22,#202A33
110,US,502,#F5E87F
110,CA,63,#CCCCCC
110,EU,103,#202A33
110,EU,35,#202A33
110,EU,20,#202A33
110,Asia,57,#CCCCCC
110,Asia,1,#CCCCCC
110,EU,68,#202A33
110,ZA,5,#CCCCCC
110,AR,7,#CCCCCC
110,EU,30,#202A33
110,EU,8,#202A33
110,GH,1,#CCCCCC
110,Asia,8,#CCCCCC
110,Asia,52,#CCCCCC
110,EU,21,#202A33
110,CH,21,#CCCCCC
110,Asia,9,#CCCCCC
110,RU,8,#CCCCCC
110,EU,44,#202A33
110,Asia,8,#CCCCCC
110,Asia,1,#CCCCCC
110,EU,3,#202A33
110,BR,5,#CCCCCC
110,LY,1,#CCCCCC
110,Asia,3,#CCCCCC
110,MA,1,#CCCCCC
110,NZ,2,#CCCCCC
110,EU,12,#202A33
110,CL,6,#CCCCCC
110,CN,112,#C2648E
110,Asia,15,#CCCCCC
110,Asia,1,#CCCCCC
110,NO,7,#CCCCCC
110,SD,1,#CCCCCC
110,EU,4,#202A33
110,EU,6,#202A33
110,MX,2,#CCCCCC
110,AU,8,#CCCCCC
110,CO,1,#CCCCCC
110,Asia,3,#CCCCCC
110,EU,9,#202A33
110,Asia,2,#CCCCCC
110,TD,1,#CCCCCC
110,MW,2,#CCCCCC
110,PS,1,#CCCCCC
110,ET,1,#CCCCCC
110,TZ,2,#CCCCCC
110,CM,1,#CCCCCC
110,UY,1,#CCCCCC
110,PE,2,#CCCCCC
110,KE,1,#CCCCCC
110,EU,2,#202A33
110,EU,1,#202A33
110,EU,3,#202A33
110,MZ,1,#CCCCCC
110,Asia,1,#CCCCCC
110,EU,1,#202A33
110,LR,1,#CCCCCC
110,CR,1,#CCCCCC
110,NG,1,#CCCCCC
110,AO,1,#CCCCCC
110,MU,2,#CCCCCC
110,IS,1,#CCCCCC
110,Asia,1,#CCCCCC
110,VE,1,#CCCCCC
110,UG,1,#CCCCCC
114,BJ,1,#CCCCCC
114,US,627,#F5E87F
114,GH,2,#CCCCCC
114,EG,1,#CCCCCC
114,EU,26,#202A33
114,EU,29,#202A33
114,Asia,44,#CCCCCC
114,KE,4,#CCCCCC
114,EU,26,#202A33
114,Asia,49,#CCCCCC
114,CA,53,#CCCCCC
114,AR,4,#CCCCCC
114,EU,89,#202A33
114,EU,9,#202A33
114,EU,20,#202A33
114,AU,11,#CCCCCC
114,EU,10,#202A33
114,EU,62,#202A33
114,Asia,10,#CCCCCC
114,EU,1,#202A33
114,RU,6,#CCCCCC
114,EU,36,#202A33
114,Asia,2,#CCCCCC
114,EU,6,#202A33
114,MA,1,#CCCCCC
114,CL,4,#CCCCCC
114,CH,29,#CCCCCC
114,CN,148,#C2648E
114,Asia,17,#CCCCCC
114,Asia,26,#CCCCCC
114,HN,1,#CCCCCC
114,MX,2,#CCCCCC
114,MU,4,#CCCCCC
114,Asia,2,#CCCCCC
114,EU,9,#202A33
114,Asia,1,#CCCCCC
114,NO,5,#CCCCCC
114,EU,6,#202A33
114,EU,2,#202A33
114,EU,4,#202A33
114,CO,1,#CCCCCC
114,Asia,5,#CCCCCC
114,ZA,4,#CCCCCC
114,Asia,2,#CCCCCC
114,Asia,1,#CCCCCC
114,BR,5,#CCCCCC
114,EU,6,#202A33
114,NZ,2,#CCCCCC
114,UY,1,#CCCCCC
114,Asia,1,#CCCCCC
114,EU,2,#202A33
114,MZ,1,#CCCCCC
114,Asia,1,#CCCCCC
114,EU,1,#202A33
114,CR,1,#CCCCCC
114,Asia,1,#CCCCCC
114,UA,1,#CCCCCC
114,AO,1,#CCCCCC
114,Asia,1,#CCCCCC
113,Asia,2,#CCCCCC
113,TG,1,#CCCCCC
113,GH,2,#CCCCCC
113,EG,1,#CCCCCC
113,EU,22,#202A33
113,US,514,#F5E87F
113,EU,40,#202A33
113,EU,32,#202A33
113,Asia,55,#CCCCCC
113,CA,52,#CCCCCC
113,Asia,38,#CCCCCC
113,EU,70,#202A33
113,KE,5,#CCCCCC
113,AR,6,#CCCCCC
113,NO,8,#CCCCCC
113,EU,109,#202A33
113,EU,19,#202A33
113,EU,25,#202A33
113,EU,16,#202A33
113,Asia,10,#CCCCCC
113,RU,6,#CCCCCC
113,EU,55,#202A33
113,Asia,1,#CCCCCC
113,BR,7,#CCCCCC
113,LY,1,#CCCCCC
113,Asia,3,#CCCCCC
113,CL,4,#CCCCCC
113,CH,29,#CCCCCC
113,CN,164,#C2648E
113,Asia,18,#CCCCCC
113,Asia,19,#CCCCCC
113,MX,5,#CCCCCC
113,EU,5,#202A33
113,Asia,2,#CCCCCC
113,Asia,6,#CCCCCC
113,EU,10,#202A33
113,HT,1,#CCCCCC
113,NZ,2,#CCCCCC
113,Asia,1,#CCCCCC
113,Asia,1,#CCCCCC
113,EU,1,#202A33
113,EU,4,#202A33
113,EU,4,#202A33
113,PE,1,#CCCCCC
113,AU,8,#CCCCCC
113,VE,1,#CCCCCC
113,CO,1,#CCCCCC
113,EU,10,#202A33
113,ZA,2,#CCCCCC
113,Asia,1,#CCCCCC
113,UA,1,#CCCCCC
113,EU,4,#202A33
113,NA,1,#CCCCCC
113,EU,2,#202A33
113,Asia,1,#CCCCCC
113,UY,1,#CCCCCC
113,IS,1,#CCCCCC
113,MK,1,#CCCCCC
113,EU,3,#202A33
113,Asia,1,#CCCCCC
113,Asia,1,#CCCCCC
113,CR,1,#CCCCCC
113,BI,1,#CCCCCC
113,Asia,1,#CCCCCC
113,NG,1,#CCCCCC
113,EU,1,#202A33
113,AO,1,#CCCCCC
113,GM,1,#CCCCCC
113,MU,1,#CCCCCC
113,Asia,1,#CCCCCC
113,ZW,1,#CCCCCC
113,MA,1,#CCCCCC
112,EU,31,#202A33
112,US,527,#F5E87F
112,GH,2,#CCCCCC
112,EG,1,#CCCCCC
112,EU,28,#202A33
112,EU,32,#202A33
112,EU,26,#202A33
112,Asia,51,#CCCCCC
112,CA,52,#CCCCCC
112,EU,63,#202A33
112,Asia,1,#CCCCCC
112,ZA,5,#CCCCCC
112,AR,4,#CCCCCC
112,EU,91,#202A33
112,EU,6,#202A33
112,EU,14,#202A33
112,AU,13,#CCCCCC
112,EU,17,#202A33
112,Asia,40,#CCCCCC
112,Asia,9,#CCCCCC
112,RU,7,#CCCCCC
112,EU,43,#202A33
112,CH,20,#CCCCCC
112,Asia,1,#CCCCCC
112,BR,7,#CCCCCC
112,LY,1,#CCCCCC
112,Asia,3,#CCCCCC
112,EU,4,#202A33
112,EU,7,#202A33
112,NZ,3,#CCCCCC
112,CL,3,#CCCCCC
112,EU,6,#202A33
112,CN,141,#C2648E
112,Asia,9,#CCCCCC
112,Asia,17,#CCCCCC
112,AO,2,#CCCCCC
112,Asia,1,#CCCCCC
112,NO,7,#CCCCCC
112,EU,5,#202A33
112,PE,1,#CCCCCC
112,Asia,1,#CCCCCC
112,Asia,7,#CCCCCC
112,PS,1,#CCCCCC
112,NG,2,#CCCCCC
112,Asia,2,#CCCCCC
112,EU,1,#202A33
112,Asia,1,#CCCCCC
112,UG,3,#CCCCCC
112,Asia,1,#CCCCCC
112,EU,1,#202A33
112,EU,1,#202A33
112,Asia,2,#CCCCCC
112,MX,2,#CCCCCC
112,UY,1,#CCCCCC
112,TZ,1,#CCCCCC
112,IS,1,#CCCCCC
112,KE,1,#CCCCCC
112,CM,1,#CCCCCC
112,Asia,1,#CCCCCC
112,EU,2,#202A33
112,MZ,1,#CCCCCC
112,Asia,1,#CCCCCC
112,VE,2,#CCCCCC
112,CR,1,#CCCCCC
112,Asia,1,#CCCCCC
112,MU,1,#CCCCCC
112,Asia,1,#CCCCCC
112,MA,1,#CCCCCC
112,CO,1,#CCCCCC
111,Asia,44,#CCCCCC
111,EU,42,#202A33
111,EG,1,#CCCCCC
111,EU,24,#202A33
111,CA,64,#CCCCCC
111,US,565,#F5E87F
111,EU,3,#202A33
111,EU,29,#202A33
111,Asia,11,#CCCCCC
111,EU,28,#202A33
111,Asia,60,#CCCCCC
111,Asia,4,#CCCCCC
111,AR,9,#CCCCCC
111,NA,2,#CCCCCC
111,EU,78,#202A33
111,ZA,6,#CCCCCC
111,EU,26,#202A33
111,EU,97,#202A33
111,EU,6,#202A33
111,GH,1,#CCCCCC
111,EU,8,#202A33
111,RS,1,#CCCCCC
111,AU,11,#CCCCCC
111,NZ,5,#CCCCCC
111,EU,21,#202A33
111,CH,18,#CCCCCC
111,ET,1,#CCCCCC
111,Asia,9,#CCCCCC
111,RU,7,#CCCCCC
111,ML,1,#CCCCCC
111,Asia,1,#CCCCCC
111,BR,4,#CCCCCC
111,Asia,4,#CCCCCC
111,EU,5,#202A33
111,MA,1,#CCCCCC
111,MX,7,#CCCCCC
111,Asia,20,#CCCCCC
111,HN,1,#CCCCCC
111,EU,4,#202A33
111,CN,114,#C2648E
111,Asia,8,#CCCCCC
111,UY,4,#CCCCCC
111,Asia,4,#CCCCCC
111,CL,3,#CCCCCC
111,UM,1,#CCCCCC
111,EU,4,#202A33
111,EU,6,#202A33
111,PA,1,#CCCCCC
111,TT,2,#CCCCCC
111,VE,1,#CCCCCC
111,CO,1,#CCCCCC
111,Asia,2,#CCCCCC
111,Asia,3,#CCCCCC
111,EU,2,#202A33
111,NO,4,#CCCCCC
111,Asia,1,#CCCCCC
111,PE,1,#CCCCCC
111,IS,1,#CCCCCC
111,KE,2,#CCCCCC
111,NG,3,#CCCCCC
111,MU,2,#CCCCCC
111,EU,2,#202A33
111,MZ,1,#CCCCCC
111,Asia,2,#CCCCCC
111,TZ,1,#CCCCCC
111,CR,2,#CCCCCC
111,Asia,1,#CCCCCC
111,EU,1,#202A33
111,AO,1,#CCCCCC
111,UG,1,#CCCCCC
115,Asia,14,#CCCCCC
115,Asia,40,#CCCCCC
115,EU,31,#202A33
115,EG,1,#CCCCCC
115,US,568,#F5E87F
115,EU,185,#202A33
115,EU,39,#202A33
115,Asia,41,#CCCCCC
115,EU,31,#202A33
115,Asia,57,#CCCCCC
115,CA,52,#CCCCCC
115,KE,4,#CCCCCC
115,AR,6,#CCCCCC
115,NO,10,#CCCCCC
115,EU,120,#202A33
115,EU,26,#202A33
115,EU,6,#202A33
115,AU,17,#CCCCCC
115,NZ,4,#CCCCCC
115,EU,19,#202A33
115,CH,26,#CCCCCC
115,EU,2,#202A33
115,Asia,7,#CCCCCC
115,NG,2,#CCCCCC
115,EU,51,#202A33
115,BR,6,#CCCCCC
115,Asia,1,#CCCCCC
115,LY,1,#CCCCCC
115,Asia,2,#CCCCCC
115,EU,7,#202A33
115,EU,6,#202A33
115,MA,1,#CCCCCC
115,RU,6,#CCCCCC
115,CL,5,#CCCCCC
115,CN,167,#C2648E
115,Asia,13,#CCCCCC
115,MX,2,#CCCCCC
115,Asia,1,#CCCCCC
115,EU,13,#202A33
115,EU,4,#202A33
115,Asia,1,#CCCCCC
115,EU,4,#202A33
115,EU,6,#202A33
115,ZA,3,#CCCCCC
115,PE,1,#CCCCCC
115,VE,2,#CCCCCC
115,EU,2,#202A33
115,NI,1,#CCCCCC
115,GM,1,#CCCCCC
115,EU,3,#202A33
115,Asia,2,#CCCCCC
115,UY,1,#CCCCCC
115,EU,3,#202A33
115,Asia,2,#CCCCCC
115,CR,1,#CCCCCC
115,AO,1,#CCCCCC
115,Asia,1,#CCCCCC
115,Asia,1,#CCCCCC
115,UG,1,#CCCCCC
